id	sex	Family status	Superpopulation code	Population code	mat_cenhap	pat_cenhap
HG00403	male	father	EAS	CHS	1	1
HG00404	female	mother	EAS	CHS	1	1
HG00405	female	child	EAS	CHS	1	1
HG00406	male	father	EAS	CHS	1	1
HG00407	female	mother	EAS	CHS	1	1
HG00408	female	child	EAS	CHS	1	1
HG00418	male	father	EAS	CHS	1	1
HG00419	female	mother	EAS	CHS	2	1
HG00420	male	child	EAS	CHS	1	1
HG00421	male	father	EAS	CHS	1	1
HG00422	female	mother	EAS	CHS	1	1
HG00423	female	child	EAS	CHS	1	1
HG00427	male	father	EAS	CHS	1	1
HG00428	female	mother	EAS	CHS	1	1
HG00429	male	child	EAS	CHS	1	1
HG00436	male	father	EAS	CHS	1	1
HG00437	female	mother	EAS	CHS	1	1
HG00438	female	child	EAS	CHS	1	1
HG00442	male	father	EAS	CHS	1	1
HG00443	female	mother	EAS	CHS	1	1
HG00444	male	child	EAS	CHS	1	1
HG00445	male	father	EAS	CHS	1	1
HG00446	female	mother	EAS	CHS	1	1
HG00447	female	child	EAS	CHS	1	1
HG00448	male	father	EAS	CHS	1	2
HG00449	female	mother	EAS	CHS	2	1
HG00450	female	child	EAS	CHS	1	2
HG00451	male	father	EAS	CHS	1	2
HG00452	female	mother	EAS	CHS	1	1
HG00453	female	child	EAS	CHS	1	2
HG00457	male	father	EAS	CHS	2	1
HG00458	female	mother	EAS	CHS	1	1
HG00459	male	child	EAS	CHS	1	1
HG00463	male	father	EAS	CHS	1	1
HG00464	female	mother	EAS	CHS	2	1
HG00465	male	child	EAS	CHS	1	1
HG00472	male	father	EAS	CHS	1	1
HG00473	female	mother	EAS	CHS	1	1
HG00474	male	child	EAS	CHS	1	1
HG00475	male	father	EAS	CHS	2	1
HG00476	female	mother	EAS	CHS	1	1
HG00477	male	child	EAS	CHS	1	1
HG00478	male	father	EAS	CHS	1	1
HG00479	female	mother	EAS	CHS	2	1
HG00480	male	child	EAS	CHS	1	1
HG00500	male	father	EAS	CHS	1	1
HG00501	female	mother	EAS	CHS	1	1
HG00502	male	child	EAS	CHS	1	1
HG00512	male	father	EAS	CHS	1	1
HG00513	female	mother	EAS	CHS	1	1
HG00514	female	child	EAS	CHS	1	1
HG00524	male	father	EAS	CHS	1	1
HG00525	female	mother	EAS	CHS	2	1
HG00526	male	child	EAS	CHS	1	1
HG00530	male	father	EAS	CHS	1	1
HG00531	female	mother	EAS	CHS	1	1
HG00532	male	child	EAS	CHS	1	1
HG00533	male	father	EAS	CHS	1	1
HG00534	female	mother	EAS	CHS	1	1
HG00535	male	child	EAS	CHS	1	1
HG00536	male	father	EAS	CHS	1	1
HG00537	female	mother	EAS	CHS	1	1
HG00538	male	child	EAS	CHS	1	1
HG00542	male	father	EAS	CHS	1	1
HG00543	female	mother	EAS	CHS	1	2
HG00544	female	child	EAS	CHS	2	1
HG00551	female	mother	AMR	PUR	2	2
HG00552	male	child	AMR	PUR	2	1
HG00553	male	father	AMR	PUR	1	3
HG00554	female	mother	AMR	PUR	1	1
HG00555	female	child	AMR	PUR	1	3
HG00556	male	father	EAS	CHS	1	1
HG00557	female	mother	EAS	CHS	1	2
HG00558	female	child	EAS	CHS	2	1
HG00559	male	father	EAS	CHS	1	1
HG00560	female	mother	EAS	CHS	1	1
HG00561	female	child	EAS	CHS	1	1
HG00565	male	father	EAS	CHS	1	1
HG00566	female	mother	EAS	CHS	1	4
HG00567	male	child	EAS	CHS	4	1
HG00577	male	father	EAS	CHS	1	1
HG00578	female	mother	EAS	CHS	1	2
HG00579	female	child	EAS	CHS	2	1
HG00580	male	father	EAS	CHS	1	1
HG00581	female	mother	EAS	CHS	1	2
HG00582	female	child	EAS	CHS	2	1
HG00583	male	father	EAS	CHS	1	1
HG00584	female	mother	EAS	CHS	1	1
HG00585	female	child	EAS	CHS	1	1
HG00589	male	father	EAS	CHS	1	2
HG00590	female	mother	EAS	CHS	1	4
HG00591	male	child	EAS	CHS	4	2
HG00592	male	father	EAS	CHS	1	1
HG00593	female	mother	EAS	CHS	1	1
HG00594	male	child	EAS	CHS	1	1
HG00595	male	father	EAS	CHS	1	1
HG00596	female	mother	EAS	CHS	1	1
HG00597	female	child	EAS	CHS	1	1
HG00607	male	father	EAS	CHS	1	1
HG00608	female	mother	EAS	CHS	1	1
HG00609	male	child	EAS	CHS	1	1
HG00610	male	father	EAS	CHS	1	1
HG00611	female	mother	EAS	CHS	1	1
HG00612	female	child	EAS	CHS	1	1
HG00613	male	father	EAS	CHS	2	1
HG00614	female	mother	EAS	CHS	1	2
HG00615	female	child	EAS	CHS	2	1
HG00619	male	father	EAS	CHS	1	1
HG00620	female	mother	EAS	CHS	1	1
HG00621	male	child	EAS	CHS	1	1
HG00625	male	father	EAS	CHS	1	2
HG00626	female	mother	EAS	CHS	1	1
HG00627	male	child	EAS	CHS	1	2
HG00628	male	father	EAS	CHS	1	2
HG00629	female	mother	EAS	CHS	1	1
HG00630	male	child	EAS	CHS	1	2
HG00634	male	father	EAS	CHS	1	1
HG00635	female	mother	EAS	CHS	1	2
HG00636	male	child	EAS	CHS	2	1
HG00637	male	father	AMR	PUR	4	1
HG00638	female	mother	AMR	PUR	2	1
HG00639	female	child	AMR	PUR	1	1
HG00640	male	father	AMR	PUR	1	4
HG00641	female	mother	AMR	PUR	4	1
HG00642	male	child	AMR	PUR	1	4
HG00650	male	father	EAS	CHS	1	1
HG00651	female	mother	EAS	CHS	1	1
HG00652	female	child	EAS	CHS	1	1
HG00653	male	father	EAS	CHS	1	1
HG00654	female	mother	EAS	CHS	1	1
HG00655	female	child	EAS	CHS	1	1
HG00656	male	father	EAS	CHS	1	1
HG00657	female	mother	EAS	CHS	1	1
HG00658	male	child	EAS	CHS	1	1
HG00662	male	father	EAS	CHS	1	1
HG00663	female	mother	EAS	CHS	1	1
HG00664	male	child	EAS	CHS	1	1
HG00671	male	father	EAS	CHS	1	1
HG00672	female	mother	EAS	CHS	1	1
HG00673	male	child	EAS	CHS	1	1
HG00683	male	father	EAS	CHS	1	4
HG00684	female	mother	EAS	CHS	1	1
HG00685	male	child	EAS	CHS	1	4
HG00689	male	father	EAS	CHS	1	2
HG00690	female	mother	EAS	CHS	1	2
HG00691	male	child	EAS	CHS	2	2
HG00692	male	father	EAS	CHS	1	1
HG00693	female	mother	EAS	CHS	1	1
HG00694	male	child	EAS	CHS	1	1
HG00698	male	father	EAS	CHS	1	1
HG00699	female	mother	EAS	CHS	1	1
HG00700	female	child	EAS	CHS	1	1
HG00701	male	father	EAS	CHS	1	1
HG00702	female	mother	EAS	CHS	1	1
HG00703	male	child	EAS	CHS	1	1
HG00704	male	father	EAS	CHS	1	1
HG00705	female	mother	EAS	CHS	2	1
HG00706	male	child	EAS	CHS	1	1
HG00707	male	father	EAS	CHS	4	1
HG00708	female	mother	EAS	CHS	2	1
HG00709	male	child	EAS	CHS	1	1
HG00731	male	father	AMR	PUR	2	2
HG00732	female	mother	AMR	PUR	1	1
HG00733	female	child	AMR	PUR	1	2
HG00734	female	mother	AMR	PUR	2	4
HG00735	female	child	AMR	PUR	4	2
HG00736	male	father	AMR	PUR	2	2
HG00737	female	mother	AMR	PUR	1	1
HG00738	male	child	AMR	PUR	1	2
HG00739	male	father	AMR	PUR	1	2
HG00740	female	mother	AMR	PUR	1	2
HG00741	female	child	AMR	PUR	2	2
HG01047	male	father	AMR	PUR	1	2
HG01048	male	father	AMR	PUR	1	1
HG01049	female	mother	AMR	PUR	1	4
HG01050	female	child	AMR	PUR	4	1
HG01051	male	father	AMR	PUR	1	1
HG01052	female	mother	AMR	PUR	1	1
HG01053	female	child	AMR	PUR	1	1
HG01054	male	father	AMR	PUR	4	4
HG01055	female	mother	AMR	PUR	4	4
HG01056	male	child	AMR	PUR	4	4
HG01060	male	father	AMR	PUR	1	1
HG01061	female	mother	AMR	PUR	1	1
HG01062	female	child	AMR	PUR	1	1
HG01066	male	father	AMR	PUR	4	5
HG01067	female	mother	AMR	PUR	6	1
HG01068	female	child	AMR	PUR	1	5
HG01069	male	father	AMR	PUR	4	2
HG01070	female	mother	AMR	PUR	1	1
HG01071	female	child	AMR	PUR	1	2
HG01072	male	father	AMR	PUR	4	2
HG01073	female	mother	AMR	PUR	2	1
HG01074	male	child	AMR	PUR	1	2
HG01075	male	father	AMR	PUR	1	1
HG01079	male	father	AMR	PUR	1	1
HG01080	female	mother	AMR	PUR	1	1
HG01081	female	child	AMR	PUR	1	1
HG01082	male	father	AMR	PUR	4	1
HG01083	female	mother	AMR	PUR	4	4
HG01084	female	child	AMR	PUR	4	1
HG01085	male	father	AMR	PUR	3	4
HG01086	female	mother	AMR	PUR	1	1
HG01087	female	child	AMR	PUR	1	4
HG01094	male	father	AMR	PUR	1	2
HG01095	female	mother	AMR	PUR	4	1
HG01096	male	child	AMR	PUR	1	2
HG01097	male	father	AMR	PUR	1	1
HG01098	female	mother	AMR	PUR	1	1
HG01099	male	child	AMR	PUR	1	1
HG01100	female	child	AMR	PUR	2	1
HG01101	male	father	AMR	PUR	4	1
HG01102	female	mother	AMR	PUR	1	1
HG01103	female	child	AMR	PUR	1	1
HG01104	male	father	AMR	PUR	4	4
HG01105	female	mother	AMR	PUR	1	1
HG01106	male	child	AMR	PUR	1	4
HG01107	male	father	AMR	PUR	2	4
HG01108	female	mother	AMR	PUR	4	7
HG01109	male	child	AMR	PUR	7	4
HG01110	male	father	AMR	PUR	7	1
HG01111	female	mother	AMR	PUR	1	1
HG01112	male	father	AMR	CLM	1	1
HG01113	female	mother	AMR	CLM	2	1
HG01114	female	child	AMR	CLM	1	1
HG01124	male	father	AMR	CLM	1	1
HG01125	female	mother	AMR	CLM	1	1
HG01126	male	child	AMR	CLM	1	1
HG01133	male	father	AMR	CLM	1	1
HG01134	female	mother	AMR	CLM	1	1
HG01135	male	child	AMR	CLM	1	1
HG01136	male	father	AMR	CLM	1	1
HG01137	female	mother	AMR	CLM	1	1
HG01138	male	child	AMR	CLM	1	1
HG01139	male	father	AMR	CLM	5	1
HG01140	female	mother	AMR	CLM	1	4
HG01141	female	child	AMR	CLM	4	1
HG01148	male	father	AMR	CLM	2	4
HG01149	female	mother	AMR	CLM	1	1
HG01150	female	child	AMR	CLM	1	4
HG01167	male	father	AMR	PUR	2	2
HG01168	female	mother	AMR	PUR	4	1
HG01169	female	child	AMR	PUR	1	2
HG01170	male	father	AMR	PUR	4	1
HG01171	female	mother	AMR	PUR	1	4
HG01172	male	child	AMR	PUR	4	1
HG01173	male	father	AMR	PUR	1	4
HG01174	female	mother	AMR	PUR	1	1
HG01175	female	child	AMR	PUR	1	4
HG01176	male	father	AMR	PUR	2	1
HG01177	female	mother	AMR	PUR	4	4
HG01178	male	child	AMR	PUR	4	1
HG01182	male	father	AMR	PUR	1	1
HG01183	female	mother	AMR	PUR	1	1
HG01184	female	child	AMR	PUR	1	1
HG01187	male	father	AMR	PUR	1	1
HG01188	female	mother	AMR	PUR	4	4
HG01189	male	child	AMR	PUR	4	1
HG01190	male	father	AMR	PUR	2	4
HG01191	female	mother	AMR	PUR	1	1
HG01192	male	child	AMR	PUR	1	4
HG01197	male	father	AMR	PUR	4	4
HG01198	female	mother	AMR	PUR	1	1
HG01199	male	child	AMR	PUR	1	4
HG01204	male	father	AMR	PUR	1	1
HG01205	female	mother	AMR	PUR	4	2
HG01206	male	child	AMR	PUR	2	1
HG01241	male	father	AMR	PUR	8	2
HG01242	female	mother	AMR	PUR	1	1
HG01243	male	child	AMR	PUR	1	2
HG01247	male	father	AMR	PUR	1	1
HG01248	female	mother	AMR	PUR	1	2
HG01249	female	child	AMR	PUR	1	1
HG01250	male	father	AMR	CLM	1	4
HG01251	female	mother	AMR	CLM	1	1
HG01252	male	child	AMR	CLM	1	4
HG01253	male	father	AMR	CLM	1	1
HG01254	female	mother	AMR	CLM	1	4
HG01255	male	child	AMR	CLM	4	1
HG01256	male	father	AMR	CLM	1	1
HG01257	female	mother	AMR	CLM	4	4
HG01258	male	child	AMR	CLM	4	1
HG01259	male	father	AMR	CLM	4	1
HG01260	female	mother	AMR	CLM	1	4
HG01261	male	child	AMR	CLM	4	1
HG01271	male	father	AMR	CLM	1	1
HG01272	female	mother	AMR	CLM	2	2
HG01273	male	child	AMR	CLM	2	1
HG01274	male	father	AMR	CLM	1	4
HG01275	female	mother	AMR	CLM	4	4
HG01276	female	child	AMR	CLM	4	4
HG01277	male	father	AMR	CLM	2	4
HG01278	female	mother	AMR	CLM	1	1
HG01279	female	child	AMR	CLM	1	4
HG01341	male	father	AMR	CLM	4	1
HG01342	female	mother	AMR	CLM	1	1
HG01343	female	child	AMR	CLM	1	1
HG01344	male	father	AMR	CLM	1	2
HG01345	female	mother	AMR	CLM	1	1
HG01346	female	child	AMR	CLM	1	2
HG01347	male	father	AMR	CLM	1	1
HG01348	female	mother	AMR	CLM	2	1
HG01349	female	child	AMR	CLM	1	1
HG01350	male	father	AMR	CLM	1	1
HG01351	female	mother	AMR	CLM	1	1
HG01352	female	child	AMR	CLM	1	1
HG01353	male	father	AMR	CLM	5	1
HG01354	female	mother	AMR	CLM	1	1
HG01355	female	child	AMR	CLM	1	1
HG01356	male	father	AMR	CLM	2	4
HG01357	female	mother	AMR	CLM	1	1
HG01358	male	child	AMR	CLM	1	4
HG01359	male	father	AMR	CLM	2	1
HG01360	female	mother	AMR	CLM	4	1
HG01361	female	child	AMR	CLM	1	1
HG01365	male	father	AMR	CLM	4	1
HG01366	female	mother	AMR	CLM	1	1
HG01367	female	child	AMR	CLM	1	1
HG01374	male	father	AMR	CLM	4	1
HG01375	female	mother	AMR	CLM	2	4
HG01376	female	child	AMR	CLM	4	1
HG01377	male	father	AMR	CLM	1	1
HG01378	female	mother	AMR	CLM	1	1
HG01379	female	child	AMR	CLM	1	1
HG01383	male	father	AMR	CLM	1	4
HG01384	female	mother	AMR	CLM	2	1
HG01385	female	child	AMR	CLM	1	4
HG01389	male	father	AMR	CLM	1	1
HG01390	female	mother	AMR	CLM	4	1
HG01391	female	child	AMR	CLM	1	1
HG01431	male	father	AMR	CLM	1	1
HG01432	female	mother	AMR	CLM	1	4
HG01433	male	child	AMR	CLM	4	1
HG01437	male	father	AMR	CLM	1	1
HG01438	female	mother	AMR	CLM	1	1
HG01439	female	child	AMR	CLM	1	1
HG01455	male	father	AMR	CLM	1	4
HG01456	female	mother	AMR	CLM	2	2
HG01457	male	child	AMR	CLM	2	4
HG01461	male	father	AMR	CLM	1	1
HG01462	female	mother	AMR	CLM	2	4
HG01463	female	child	AMR	CLM	4	1
HG01464	male	father	AMR	CLM	2	6
HG01465	female	mother	AMR	CLM	1	1
HG01466	female	child	AMR	CLM	1	6
HG01488	male	father	AMR	CLM	4	4
HG01489	female	mother	AMR	CLM	1	4
HG01490	female	child	AMR	CLM	4	4
HG01491	male	father	AMR	CLM	1	1
HG01492	female	mother	AMR	CLM	1	1
HG01493	female	child	AMR	CLM	1	1
HG01494	male	father	AMR	CLM	1	1
HG01495	female	mother	AMR	CLM	1	1
HG01496	female	child	AMR	CLM	1	1
HG01497	male	father	AMR	CLM	1	4
HG01498	female	mother	AMR	CLM	1	1
HG01499	male	child	AMR	CLM	1	4
HG01500	male	father	EUR	IBS	4	1
HG01501	female	mother	EUR	IBS	1	4
HG01502	male	child	EUR	IBS	4	1
HG01503	male	father	EUR	IBS	5	1
HG01504	female	mother	EUR	IBS	1	1
HG01505	male	child	EUR	IBS	1	1
HG01506	male	father	EUR	IBS	6	1
HG01507	female	mother	EUR	IBS	1	4
HG01508	male	child	EUR	IBS	4	1
HG01509	male	father	EUR	IBS	4	1
HG01510	female	mother	EUR	IBS	4	1
HG01511	female	child	EUR	IBS	1	1
HG01512	male	father	EUR	IBS	4	1
HG01513	female	mother	EUR	IBS	1	1
HG01514	female	child	EUR	IBS	1	1
HG01515	male	father	EUR	IBS	1	4
HG01516	female	mother	EUR	IBS	1	4
HG01517	female	child	EUR	IBS	4	4
HG01518	male	father	EUR	IBS	1	1
HG01519	female	mother	EUR	IBS	1	1
HG01520	female	child	EUR	IBS	1	1
HG01521	male	father	EUR	IBS	1	4
HG01522	female	mother	EUR	IBS	1	1
HG01523	male	child	EUR	IBS	1	4
HG01524	male	father	EUR	IBS	1	1
HG01525	female	mother	EUR	IBS	1	1
HG01526	male	child	EUR	IBS	1	1
HG01527	male	father	EUR	IBS	4	1
HG01528	female	mother	EUR	IBS	4	4
HG01529	male	child	EUR	IBS	4	1
HG01530	male	father	EUR	IBS	4	1
HG01531	female	mother	EUR	IBS	1	1
HG01532	male	child	EUR	IBS	1	1
HG01536	male	father	EUR	IBS	1	1
HG01537	female	mother	EUR	IBS	4	4
HG01538	female	child	EUR	IBS	4	1
HG01550	male	father	AMR	CLM	1	1
HG01551	female	mother	AMR	CLM	2	1
HG01552	male	child	AMR	CLM	1	1
HG01565	male	father	AMR	PEL	1	1
HG01566	female	mother	AMR	PEL	1	1
HG01567	female	child	AMR	PEL	1	1
HG01571	male	father	AMR	PEL	4	1
HG01572	female	mother	AMR	PEL	4	1
HG01573	female	child	AMR	PEL	1	1
HG01577	male	father	AMR	PEL	1	4
HG01578	female	mother	AMR	PEL	1	1
HG01579	male	child	AMR	PEL	1	4
HG01601	male	child	EUR	IBS	4	1
HG01602	female	mother	EUR	IBS	1	4
HG01603	male	father	EUR	IBS	1	1
HG01604	female	child	EUR	IBS	4	4
HG01605	female	mother	EUR	IBS	1	4
HG01606	male	father	EUR	IBS	1	4
HG01607	female	mother	EUR	IBS	4	1
HG01608	male	father	EUR	IBS	1	4
HG01609	male	child	EUR	IBS	1	4
HG01610	male	father	EUR	IBS	1	6
HG01611	male	child	EUR	IBS	1	6
HG01612	female	mother	EUR	IBS	1	1
HG01613	female	mother	EUR	IBS	1	1
HG01614	female	child	EUR	IBS	1	1
HG01615	male	father	EUR	IBS	4	1
HG01616	female	child	EUR	IBS	4	4
HG01617	male	father	EUR	IBS	4	4
HG01618	female	mother	EUR	IBS	1	4
HG01619	male	father	EUR	IBS	1	4
HG01620	female	mother	EUR	IBS	4	4
HG01621	male	child	EUR	IBS	4	4
HG01622	female	child	EUR	IBS	1	1
HG01623	female	mother	EUR	IBS	1	1
HG01624	male	father	EUR	IBS	1	1
HG01625	male	father	EUR	IBS	4	1
HG01626	female	mother	EUR	IBS	1	1
HG01627	male	child	EUR	IBS	1	1
HG01628	female	mother	EUR	IBS	1	4
HG01629	male	child	EUR	IBS	4	1
HG01630	male	father	EUR	IBS	4	1
HG01631	male	father	EUR	IBS	1	1
HG01632	female	mother	EUR	IBS	4	1
HG01633	male	child	EUR	IBS	1	1
HG01667	male	child	EUR	IBS	4	4
HG01668	female	mother	EUR	IBS	4	4
HG01669	male	father	EUR	IBS	1	4
HG01670	female	mother	EUR	IBS	4	2
HG01671	male	child	EUR	IBS	2	4
HG01672	male	father	EUR	IBS	1	4
HG01673	female	mother	EUR	IBS	4	4
HG01674	male	child	EUR	IBS	4	1
HG01675	male	father	EUR	IBS	1	1
HG01676	female	mother	EUR	IBS	4	4
HG01677	female	child	EUR	IBS	4	1
HG01678	male	father	EUR	IBS	1	1
HG01679	female	mother	EUR	IBS	1	1
HG01680	male	father	EUR	IBS	4	4
HG01681	female	child	EUR	IBS	1	4
HG01682	male	father	EUR	IBS	1	1
HG01683	male	child	EUR	IBS	1	1
HG01684	female	mother	EUR	IBS	1	1
HG01685	female	mother	EUR	IBS	1	1
HG01686	male	father	EUR	IBS	4	4
HG01687	female	child	EUR	IBS	1	4
HG01694	male	father	EUR	IBS	1	6
HG01695	female	mother	EUR	IBS	4	1
HG01696	male	child	EUR	IBS	1	6
HG01697	female	mother	EUR	IBS	1	4
HG01698	male	child	EUR	IBS	4	4
HG01699	male	father	EUR	IBS	4	4
HG01700	male	father	EUR	IBS	4	1
HG01701	male	child	EUR	IBS	1	1
HG01702	female	mother	EUR	IBS	4	1
HG01703	male	child	EUR	IBS	1	1
HG01704	female	mother	EUR	IBS	1	1
HG01705	male	father	EUR	IBS	1	1
HG01706	female	child	EUR	IBS	4	5
HG01707	female	mother	EUR	IBS	1	4
HG01708	male	father	EUR	IBS	1	5
HG01709	male	father	EUR	IBS	1	1
HG01710	female	mother	EUR	IBS	4	1
HG01711	female	child	EUR	IBS	1	1
HG01746	female	mother	EUR	IBS	4	1
HG01747	male	father	EUR	IBS	4	1
HG01748	male	child	EUR	IBS	1	1
HG01755	female	child	EUR	IBS	4	1
HG01756	male	father	EUR	IBS	4	1
HG01757	female	mother	EUR	IBS	1	4
HG01761	male	father	EUR	IBS	5	1
HG01762	female	mother	EUR	IBS	4	4
HG01763	female	child	EUR	IBS	4	1
HG01770	female	mother	EUR	IBS	4	1
HG01771	male	father	EUR	IBS	1	1
HG01772	female	child	EUR	IBS	1	1
HG01773	female	mother	EUR	IBS	1	4
HG01774	male	child	EUR	IBS	4	1
HG01775	male	father	EUR	IBS	5	1
HG01776	female	mother	EUR	IBS	1	1
HG01777	male	father	EUR	IBS	4	4
HG01778	male	child	EUR	IBS	1	4
HG01779	female	mother	EUR	IBS	1	4
HG01780	male	child	EUR	IBS	4	1
HG01781	male	father	EUR	IBS	5	1
HG01782	female	child	EUR	IBS	1	6
HG01783	male	father	EUR,AFR	IBS,MSL	4	6
HG01784	female	mother	EUR	IBS	4	1
HG01879	male	father	AFR	ACB	1	2
HG01880	female	mother	AFR	ACB	2	7
HG01881	female	child	AFR	ACB	7	2
HG01882	male	father	AFR	ACB	2	2
HG01883	female	mother	AFR	ACB	2	1
HG01884	female	child	AFR	ACB	2	2
HG01885	male	father	AFR	ACB	2	2
HG01886	female	mother	AFR	ACB	1	8
HG01887	male	child	AFR	ACB	8	1
HG01888	male	child	AFR	ACB	1	2
HG01889	female	mother	AFR	ACB	2	1
HG01890	male	father	AFR	ACB	2	4
HG01891	female	child	AFR	ACB	1	4
HG01892	male	father	AMR	PEL	1	1
HG01893	female	mother	AMR	PEL	1	1
HG01894	female	mother	AFR	ACB	8	2
HG01895	male	child	AFR	ACB	2	1
HG01896	female	mother	AFR	ACB	2	2
HG01897	male	child	AFR	ACB	2	1
HG01898	female	child	AMR	PEL	1	1
HG01912	male	father	AFR	ACB	2	1
HG01914	male	father	AFR	ACB	1	1
HG01915	female	mother	AFR	ACB	2	2
HG01916	female	child	AFR	ACB	2	1
HG01917	male	father	AMR	PEL	2	1
HG01918	female	mother	AMR	PEL	1	1
HG01919	female	child	AMR	PEL	1	1
HG01920	male	father	AMR	PEL	1	1
HG01921	female	mother	AMR	PEL	1	1
HG01922	female	child	AMR	PEL	1	1
HG01923	male	father	AMR	PEL	1	4
HG01924	female	mother	AMR	PEL	2	1
HG01925	female	child	AMR	PEL	1	4
HG01926	male	father	AMR	PEL	1	1
HG01927	female	mother	AMR	PEL	1	2
HG01928	male	child	AMR	PEL	2	1
HG01932	male	father	AMR	PEL	1	1
HG01933	female	mother	AMR	PEL	1	1
HG01934	male	child	AMR	PEL	1	1
HG01935	male	father	AMR	PEL	1	1
HG01936	female	mother	AMR	PEL	1	1
HG01937	male	child	AMR	PEL	1	1
HG01938	male	father	AMR	PEL	2	4
HG01939	female	mother	AMR	PEL	1	4
HG01940	female	child	AMR	PEL	4	4
HG01941	male	father	AMR	PEL	4	2
HG01942	female	mother	AMR	PEL	1	2
HG01943	male	child	AMR	PEL	2	2
HG01944	male	father	AMR	PEL	4	1
HG01945	female	mother	AMR	PEL	4	1
HG01946	male	child	AMR	PEL	1	1
HG01947	male	father	AMR	PEL	2	1
HG01948	female	mother	AMR	PEL	1	1
HG01949	female	child	AMR	PEL	1	1
HG01950	male	father	AMR	PEL	8	2
HG01951	female	mother	AMR	PEL	4	2
HG01952	male	child	AMR	PEL	2	2
HG01953	male	father	AMR	PEL	2	1
HG01954	female	mother	AMR	PEL	4	1
HG01955	female	child	AMR	PEL	1	1
HG01956	female	mother	AFR	ACB	2	2
HG01958	female	mother	AFR	ACB	1	2
HG01959	female	child	AFR	ACB	2	1
HG01960	female	child	AFR	ACB	1	8
HG01967	male	father	AMR	PEL	1	1
HG01968	female	mother	AMR	PEL	4	1
HG01969	female	child	AMR	PEL	1	1
HG01970	male	father	AMR	PEL	1	1
HG01971	female	mother	AMR	PEL	4	7
HG01972	female	child	AMR	PEL	7	1
HG01973	female	mother	AMR	PEL	1	4
HG01974	male	father	AMR	PEL	1	1
HG01975	female	child	AMR	PEL	4	1
HG01976	female	mother	AMR	PEL	1	1
HG01977	male	father	AMR	PEL	4	1
HG01978	female	child	AMR	PEL	1	1
HG01979	male	father	AMR	PEL	4	1
HG01980	female	mother	AMR	PEL	1	1
HG01981	female	child	AMR	PEL	1	1
HG01982	male	father	AMR	PEL	4	4
HG01983	female	mother	AMR	PEL	1	1
HG01984	male	child	AMR	PEL	1	4
HG01986	male	father	AFR	ACB	2	1
HG01987	male	child	AFR	ACB	1	2
HG01988	male	father	AFR	ACB	8	8
HG01989	female	mother	AFR	ACB	1	1
HG01990	male	father	AFR	ACB	3	2
HG01991	male	father	AMR	PEL	2	1
HG01992	female	mother	AMR	PEL	1	4
HG01993	female	child	AMR	PEL	4	1
HG01997	female	mother	AMR	PEL	1	2
HG01998	male	child	AMR	PEL	2	4
HG02002	male	father	AMR	PEL	5	4
HG02003	female	mother	AMR	PEL	4	2
HG02004	female	child	AMR	PEL	2	4
HG02008	male	father	AMR	PEL	2	4
HG02009	male	father	AFR	ACB	7	2
HG02010	female	mother	AFR	ACB	1	1
HG02011	male	child	AFR	ACB	1	2
HG02012	female	mother	AFR	ACB	2	1
HG02013	male	father	AFR	ACB	8	1
HG02014	male	father	AFR	ACB	1	1
HG02015	male	child	EAS	KHV	1	2
HG02016	female	mother	EAS	KHV	1	1
HG02017	male	father	EAS	KHV	1	2
HG02018	female	child	EAS	KHV	1	2
HG02019	female	mother	EAS	KHV	1	1
HG02020	male	father	EAS	KHV	2	2
HG02024	female	child	EAS	KHV	1	1
HG02025	female	mother	EAS	KHV	1	1
HG02026	male	father	EAS	KHV	1	1
HG02027	male	child	EAS	KHV	1	1
HG02028	female	mother	EAS	KHV	4	1
HG02029	male	father	EAS	KHV	1	1
HG02030	male	child	EAS	KHV	1	1
HG02031	female	mother	EAS	KHV	1	1
HG02032	male	father	EAS	KHV	1	1
HG02053	male	father	AFR	ACB	2	8
HG02054	female	mother	AFR	ACB	2	1
HG02055	male	child	AFR	ACB	1	8
HG02056	male	child	EAS	KHV	1	2
HG02057	female	mother	EAS	KHV	1	1
HG02058	male	father	EAS	KHV	2	2
HG02059	female	child	EAS	KHV	1	2
HG02060	female	mother	EAS	KHV	4	1
HG02061	male	father	EAS	KHV	1	2
HG02068	female	child	EAS	KHV	1	1
HG02069	female	mother	EAS	KHV	1	1
HG02070	male	father	EAS	KHV	1	1
HG02071	male	child	EAS	KHV	1	1
HG02072	female	mother	EAS	KHV	1	1
HG02073	male	father	EAS	KHV	1	1
HG02074	male	child	EAS	KHV	1	1
HG02075	female	mother	EAS	KHV	1	1
HG02076	male	father	EAS	KHV	1	1
HG02077	male	child	EAS	KHV	1	1
HG02078	female	mother	EAS	KHV	1	1
HG02079	male	father	EAS	KHV	1	1
HG02080	female	child	EAS	KHV	1	1
HG02081	female	mother	EAS	KHV	1	1
HG02082	male	father	EAS	KHV	1	1
HG02083	male	child	EAS	KHV	1	1
HG02084	female	mother	EAS	KHV	1	1
HG02085	male	father	EAS	KHV	1	1
HG02089	female	mother	AMR	PEL	1	1
HG02090	male	father	AMR	PEL	4	4
HG02091	female	child	AMR	PEL	1	4
HG02104	male	father	AMR	PEL	1	1
HG02105	female	mother	AMR	PEL	4	2
HG02106	female	child	AMR	PEL	2	1
HG02120	male	child	EAS	KHV	1	2
HG02121	female	mother	EAS	KHV	2	1
HG02122	male	father	EAS	KHV	2	2
HG02126	female	child	EAS	KHV	1	1
HG02127	female	mother	EAS	KHV	1	1
HG02128	male	father	EAS	KHV	1	1
HG02129	male	child	EAS	KHV	1	1
HG02130	female	mother	EAS	KHV	2	1
HG02131	male	father	EAS	KHV	1	1
HG02132	male	child	EAS	KHV	1	2
HG02133	female	mother	EAS	KHV	1	1
HG02134	male	father	EAS	KHV	1	2
HG02135	male	child	EAS	KHV	1	1
HG02136	female	mother	EAS	KHV	1	1
HG02137	male	father	EAS	KHV	1	1
HG02143	male	father	AFR	ACB	4	1
HG02144	female	mother	AFR	ACB	2	2
HG02145	male	child	AFR	ACB	2	1
HG02146	male	father	AMR	PEL	4	2
HG02147	female	mother	AMR	PEL	4	1
HG02148	female	child	AMR	PEL	1	2
HG02220	female	mother	EUR	IBS	1	4
HG02221	male	father	EUR	IBS	1	4
HG02222	female	child	EUR	IBS	4	4
HG02223	female	mother	EUR	IBS	4	1
HG02224	male	father	EUR	IBS	4	1
HG02225	female	child	EUR	IBS	1	1
HG02229	female	child	EUR	IBS	1	1
HG02230	female	mother	EUR	IBS	1	1
HG02231	male	father	EUR	IBS	4	1
HG02232	female	mother	EUR	IBS	4	1
HG02233	male	father	EUR	IBS	1	1
HG02234	male	child	EUR	IBS	1	1
HG02235	female	mother	EUR	IBS	1	4
HG02236	male	father	EUR	IBS	1	4
HG02237	female	child	EUR	IBS	4	4
HG02238	male	father	EUR	IBS	4	1
HG02239	female	mother	EUR	IBS	1	1
HG02240	female	child	EUR	IBS	1	1
HG02255	male	father	AFR	ACB	2	1
HG02256	female	mother	AFR	ACB	6	2
HG02257	female	child	AFR	ACB	2	1
HG02258	male	child	AFR	ACB	2	7
HG02259	male	father	AMR	PEL	1	1
HG02260	female	mother	AMR	PEL	1	1
HG02261	male	child	AMR	PEL	1	1
HG02271	male	father	AMR	PEL	1	1
HG02272	female	mother	AMR	PEL	1	4
HG02273	female	child	AMR	PEL	4	1
HG02277	male	father	AMR	PEL	1	1
HG02278	female	mother	AMR	PEL	1	1
HG02279	male	child	AMR	PEL	1	1
HG02280	female	child	AFR	ACB	4	8
HG02281	male	father	AFR	ACB	1	8
HG02282	female	mother	AFR	ACB	2	2
HG02285	male	father	AMR	PEL	1	1
HG02286	female	mother	AMR	PEL	2	2
HG02287	female	child	AMR	PEL	2	1
HG02291	male	father	AMR	PEL	4	2
HG02292	female	mother	AMR	PEL	1	1
HG02293	female	child	AMR	PEL	1	2
HG02298	female	mother	AMR	PEL	4	1
HG02299	male	father	AMR	PEL	1	4
HG02300	male	child	AMR	PEL	1	4
HG02301	female	mother	AMR	PEL	1	4
HG02302	male	father	AMR	PEL	4	1
HG02303	female	child	AMR	PEL	4	1
HG02307	male	father	AFR	ACB	1	8
HG02308	female	mother	AFR	ACB	1	4
HG02314	male	father	AFR	ACB	2	7
HG02315	female	mother	AFR	ACB	4	2
HG02316	male	child	AFR	ACB	8	2
HG02317	male	father	AFR	ACB	2	2
HG02318	female	mother	AFR	ACB	8	8
HG02321	female	child	AFR	ACB	2	8
HG02449	male	father	AFR	ACB	1	3
HG02450	female	mother	AFR	ACB	2	2
HG02451	female	child	AFR	ACB	2	3
HG02461	male	father	AFR	GWD	2	2
HG02462	female	mother	AFR	GWD	1	1
HG02463	male	child	AFR	GWD	1	2
HG02464	male	father	AFR	GWD	3	8
HG02465	female	mother	AFR	GWD	3	6
HG02466	male	child	AFR	GWD	6	8
HG02490	male	father	SAS	PJL	1	2
HG02491	female	mother	SAS	PJL	1	4
HG02492	male	child	SAS	PJL	4	2
HG02493	male	father	SAS	PJL	1	1
HG02494	female	mother	SAS	PJL	1	1
HG02495	female	child	SAS	PJL	1	1
HG02512	male	father	EAS	KHV	1	1
HG02513	female	mother	EAS	KHV	1	1
HG02514	male	child	EAS	KHV	1	1
HG02521	male	father	EAS	KHV	1	1
HG02522	female	mother	EAS	KHV	1	1
HG02523	female	child	EAS	KHV	1	1
HG02524	male	father	EAS	KHV	1	1
HG02525	female	mother	EAS	KHV	1	1
HG02526	female	child	EAS	KHV	1	1
HG02561	male	father	AFR	GWD	1	1
HG02562	female	mother	AFR	GWD	2	1
HG02563	male	child	AFR	GWD	1	1
HG02568	female	mother	AFR	GWD	9	2
HG02569	male	child	AFR	GWD	2	2
HG02570	male	father	AFR	GWD	1	2
HG02571	female	mother	AFR	GWD	1	1
HG02572	male	child	AFR	GWD	1	2
HG02573	male	father	AFR	GWD	2	2
HG02574	female	mother	AFR	GWD	8	2
HG02575	male	child	AFR	GWD	2	2
HG02582	male	father	AFR	GWD	3	1
HG02583	female	mother	AFR	GWD	9	1
HG02584	male	child	AFR	GWD	1	1
HG02585	male	father	AFR	GWD	2	2
HG02586	female	mother	AFR	GWD	1	1
HG02587	female	child	AFR	GWD	1	2
HG02588	male	father	AFR	GWD	1	1
HG02589	female	mother	AFR	GWD	1	2
HG02590	male	child	AFR	GWD	2	1
HG02594	male	father	AFR	GWD	2	2
HG02595	female	mother	AFR	GWD	2	2
HG02596	male	child	AFR	GWD	2	2
HG02600	male	father	SAS	PJL	1	1
HG02601	female	mother	SAS	PJL	4	1
HG02602	male	child	SAS	PJL	1	1
HG02603	male	father	SAS	PJL	4	1
HG02604	female	mother	SAS	PJL	4	4
HG02605	female	child	SAS	PJL	4	1
HG02610	male	father	AFR	GWD	8	2
HG02611	female	mother	AFR	GWD	2	2
HG02612	male	child	AFR	GWD	2	2
HG02613	male	father	AFR	GWD	2	1
HG02614	female	mother	AFR	GWD	1	2
HG02615	female	child	AFR	GWD	2	1
HG02620	male	father	AFR	GWD	1	2
HG02621	female	mother	AFR	GWD	8	6
HG02622	female	child	AFR	GWD	6	2
HG02623	male	father	AFR	GWD	1	2
HG02624	female	mother	AFR	GWD	2	2
HG02625	male	child	AFR	GWD	2	2
HG02628	male	father	AFR	GWD	2	3
HG02629	female	mother	AFR	GWD	3	8
HG02630	female	child	AFR	GWD	8	3
HG02634	male	father	AFR	GWD	2	8
HG02635	female	mother	AFR	GWD	1	1
HG02636	male	child	AFR	GWD	1	8
HG02642	male	father	AFR	GWD	8	2
HG02643	female	mother	AFR	GWD	2	7
HG02644	male	child	AFR	GWD	7	2
HG02645	male	father	AFR	GWD	2	2
HG02646	female	mother	AFR	GWD	2	2
HG02647	male	child	AFR	GWD	2	2
HG02648	male	father	SAS	PJL	4	1
HG02649	female	mother	SAS	PJL	1	1
HG02650	male	child	SAS	PJL	1	1
HG02651	male	father	SAS	PJL	1	2
HG02652	female	mother	SAS	PJL	4	1
HG02653	female	child	SAS	PJL	1	2
HG02654	male	father	SAS	PJL	2	4
HG02655	female	mother	SAS	PJL	1	4
HG02656	male	child	SAS	PJL	4	4
HG02657	male	father	SAS	PJL	1	2
HG02658	female	mother	SAS	PJL	2	4
HG02659	female	child	SAS	PJL	4	2
HG02660	male	father	SAS	PJL	1	1
HG02661	female	mother	SAS	PJL	4	4
HG02662	female	child	SAS	PJL	4	1
HG02666	male	father	AFR	GWD	4	2
HG02667	female	mother	AFR	GWD	1	10
HG02668	male	child	AFR	GWD	10	2
HG02675	male	father	AFR	GWD	9	8
HG02676	female	mother	AFR	GWD	2	1
HG02677	female	child	AFR	GWD	1	8
HG02678	male	father	AFR	GWD	1	7
HG02679	female	mother	AFR	GWD	3	9
HG02680	female	child	AFR	GWD	9	7
HG02681	male	father	SAS	PJL	1	1
HG02682	female	mother	SAS	PJL	4	4
HG02683	female	child	SAS	PJL	4	1
HG02684	male	father	SAS	PJL	4	4
HG02685	female	mother	SAS	PJL	1	1
HG02686	male	child	SAS	PJL	1	4
HG02687	male	father	SAS	PJL	1	1
HG02688	female	mother	SAS	PJL	1	4
HG02689	male	child	SAS	PJL	4	1
HG02690	male	father	SAS	PJL	1	1
HG02691	female	mother	SAS	PJL	1	1
HG02692	female	child	SAS	PJL	1	1
HG02696	male	father	SAS	PJL	1	4
HG02697	female	mother	SAS	PJL	1	4
HG02698	male	child	SAS	PJL	4	4
HG02699	male	father	SAS	PJL	1	1
HG02700	female	mother	SAS	PJL	2	1
HG02701	male	child	SAS	PJL	1	1
HG02702	male	father	AFR	GWD	2	8
HG02703	female	mother	AFR	GWD	2	1
HG02704	female	child	AFR	GWD	1	8
HG02715	male	father	AFR	GWD	2	2
HG02716	female	mother	AFR	GWD	2	1
HG02717	male	child	AFR	GWD	1	2
HG02721	male	father	AFR	GWD	1	2
HG02722	female	mother	AFR	GWD	4	8
HG02723	female	child	AFR	GWD	8	2
HG02724	male	father	SAS	PJL	1	1
HG02725	female	mother	SAS	PJL	1	1
HG02726	female	child	SAS	PJL	1	1
HG02727	male	father	SAS	PJL	1	1
HG02728	female	mother	SAS	PJL	1	1
HG02729	male	child	SAS	PJL	1	1
HG02733	male	father	SAS	PJL	1	1
HG02734	female	mother	SAS	PJL	4	2
HG02735	male	child	SAS	PJL	2	1
HG02736	male	father	SAS	PJL	4	1
HG02737	female	mother	SAS	PJL	1	4
HG02738	male	child	SAS	PJL	4	1
HG02759	male	father	AFR	GWD	1	8
HG02760	female	mother	AFR	GWD	2	2
HG02761	female	child	AFR	GWD	2	8
HG02762	male	father	AFR	GWD	1	1
HG02763	female	mother	AFR	GWD	2	7
HG02764	male	child	AFR	GWD	7	1
HG02768	male	father	AFR	GWD	1	2
HG02769	female	mother	AFR	GWD	8	2
HG02770	female	child	AFR	GWD	2	2
HG02771	male	father	AFR	GWD	1	2
HG02772	female	mother	AFR	GWD	8	2
HG02773	male	child	AFR	GWD	2	2
HG02774	male	father	SAS	PJL	4	1
HG02775	female	mother	SAS	PJL	4	4
HG02776	female	child	SAS	PJL	4	1
HG02783	male	father	SAS	PJL	1	1
HG02784	female	mother	SAS	PJL	1	1
HG02785	female	child	SAS	PJL	1	1
HG02786	male	father	SAS	PJL	4	1
HG02787	female	mother	SAS	PJL	4	4
HG02788	female	child	SAS	PJL	4	1
HG02789	male	father	SAS	PJL	4	5
HG02790	female	mother	SAS	PJL	1	1
HG02791	male	child	SAS	PJL	1	5
HG02792	male	father	SAS	PJL	5	1
HG02793	female	mother	SAS	PJL	4	1
HG02794	male	child	SAS	PJL	1	1
HG02798	male	father	AFR	GWD	2	1
HG02799	female	mother	AFR	GWD	2	2
HG02800	male	child	AFR	GWD	2	1
HG02804	male	father	AFR	GWD	8	2
HG02805	female	mother	AFR	GWD	2	2
HG02806	female	child	AFR	GWD	2	2
HG02807	male	father	AFR	GWD	1	2
HG02808	female	mother	AFR	GWD	2	1
HG02809	female	child	AFR	GWD	1	2
HG02810	male	father	AFR	GWD	2	3
HG02811	female	mother	AFR	GWD	2	2
HG02812	male	child	AFR	GWD	2	3
HG02813	male	father	AFR	GWD	8	8
HG02814	female	mother	AFR	GWD	1	8
HG02815	male	child	AFR	GWD	8	8
HG02816	male	father	AFR	GWD	8	2
HG02817	female	mother	AFR	GWD	2	2
HG02818	female	child	AFR	GWD	2	2
HG02819	male	father	AFR	GWD	2	1
HG02820	female	mother	AFR	GWD	1	2
HG02821	male	child	AFR	GWD	2	1
HG02836	male	father	AFR	GWD	2	1
HG02837	female	mother	AFR	GWD	2	2
HG02838	male	child	AFR	GWD	2	1
HG02839	male	father	AFR	GWD	1	8
HG02840	female	mother	AFR	GWD	9	2
HG02841	female	child	AFR	GWD	2	8
HG02851	male	father	AFR	GWD	1	2
HG02852	female	mother	AFR	GWD	2	2
HG02853	male	child	AFR	GWD	2	2
HG02854	male	father	AFR	GWD	1	2
HG02855	female	mother	AFR	GWD	2	3
HG02856	male	child	AFR	GWD	3	2
HG02860	male	father	AFR	GWD	2	1
HG02861	female	mother	AFR	GWD	2	7
HG02862	female	child	AFR	GWD	7	1
HG02869	male	father	AFR	GWD	2	1
HG02870	female	mother	AFR	GWD	1	2
HG02871	female	child	AFR	GWD	2	1
HG02878	male	father	AFR	GWD	7	2
HG02879	female	mother	AFR	GWD	2	7
HG02880	female	child	AFR	GWD	7	2
HG02881	male	father	AFR	GWD	2	8
HG02882	female	mother	AFR	GWD	1	8
HG02883	male	child	AFR	GWD	8	8
HG02884	male	father	AFR	GWD	2	2
HG02885	female	mother	AFR	GWD	3	1
HG02886	female	child	AFR	GWD	1	2
HG02887	male	father	AFR	GWD	1	2
HG02888	female	mother	AFR	GWD	2	2
HG02889	female	child	AFR	GWD	2	2
HG02890	male	father	AFR	GWD	1	1
HG02891	female	mother	AFR	GWD	7	1
HG02892	male	child	AFR	GWD	1	1
HG02895	male	father	AFR	GWD	2	8
HG02896	female	mother	AFR	GWD	1	1
HG02897	female	child	AFR	GWD	1	8
HG02922	female	mother	AFR	ESN	2	8
HG02923	male	father	AFR	ESN	9	7
HG02924	male	child	AFR	ESN	8	7
HG02943	female	mother	AFR	ESN	3	2
HG02944	male	father	AFR	ESN	2	2
HG02945	female	child	AFR	ESN	2	2
HG02946	female	mother	AFR	ESN	1	1
HG02947	male	father	AFR	ESN	2	2
HG02948	male	child	AFR	ESN	1	2
HG02952	female	mother	AFR	ESN	2	2
HG02953	male	father	AFR	ESN	6	2
HG02954	male	child	AFR	ESN	2	2
HG02964	female	mother	AFR	ESN	1	8
HG02965	male	father	AFR	ESN	4	8
HG02966	male	child	AFR	ESN	8	8
HG02970	female	mother	AFR	ESN	3	2
HG02971	male	father	AFR	ESN	8	8
HG02972	male	child	AFR	ESN	2	8
HG02973	male	father	AFR	ESN	2	1
HG02974	female	mother	AFR	ESN	2	1
HG02975	male	child	AFR	ESN	1	1
HG02976	female	mother	AFR	ESN	4	2
HG02977	male	father	AFR	ESN	1	1
HG02978	female	child	AFR	ESN	2	1
HG02979	female	mother	AFR	ESN	2	2
HG02980	male	child	AFR	ESN	2	7
HG02981	male	father	AFR	ESN	1	7
HG02982	male	father	AFR	GWD	2	2
HG02983	female	mother	AFR	GWD	1	2
HG02984	male	child	AFR	GWD	2	2
HG03006	male	father	SAS	BEB	4	1
HG03007	female	mother	SAS	BEB	1	1
HG03008	male	child	SAS	BEB	1	1
HG03015	male	father	SAS	PJL	1	1
HG03016	female	mother	SAS	PJL	1	5
HG03017	male	child	SAS	PJL	5	1
HG03024	male	father	AFR	GWD	2	2
HG03025	female	mother	AFR	GWD	2	1
HG03026	female	child	AFR	GWD	1	2
HG03027	male	father	AFR	GWD	2	1
HG03028	female	mother	AFR	GWD	2	2
HG03029	male	child	AFR	GWD	2	1
HG03033	male	father	AFR	GWD	1	1
HG03034	female	mother	AFR	GWD	1	7
HG03035	male	child	AFR	GWD	7	1
HG03039	male	father	AFR	GWD	1	3
HG03040	female	mother	AFR	GWD	2	1
HG03041	female	child	AFR	GWD	1	3
HG03045	male	father	AFR	GWD	8	1
HG03046	female	mother	AFR	GWD	2	2
HG03047	female	child	AFR	GWD	2	1
HG03048	male	father	AFR	GWD	3	2
HG03049	female	mother	AFR	GWD	2	2
HG03050	male	child	AFR	GWD	2	2
HG03054	male	father	AFR	MSL	3	2
HG03055	female	mother	AFR	MSL	8	1
HG03056	male	child	AFR	MSL	1	2
HG03063	male	father	AFR	MSL	1	1
HG03064	female	mother	AFR	MSL	2	2
HG03065	male	child	AFR	MSL	2	1
HG03096	male	father	AFR	MSL	2	2
HG03097	female	mother	AFR	MSL	2	2
HG03098	male	-	AFR	MSL	2	2
HG03099	female	mother	AFR	ESN	1	2
HG03100	male	father	AFR	ESN	3	2
HG03101	male	child	AFR	ESN	2	2
HG03108	female	mother	AFR	ESN	7	1
HG03109	male	father	AFR	ESN	1	7
HG03110	female	child	AFR	ESN	1	7
HG03111	female	mother	AFR	ESN	1	8
HG03112	male	father	AFR	ESN	2	2
HG03113	female	child	AFR	ESN	8	2
HG03114	female	mother	AFR	ESN	2	2
HG03115	male	father	AFR	ESN	8	2
HG03116	female	child	AFR	ESN	2	2
HG03117	female	mother	AFR	ESN	2	2
HG03118	male	father	AFR	ESN	2	1
HG03119	female	child	AFR	ESN	2	1
HG03120	male	father	AFR	ESN	2	1
HG03121	female	mother	AFR	ESN	2	1
HG03122	male	child	AFR	ESN	1	1
HG03123	female	mother	AFR	ESN	1	2
HG03124	male	father	AFR	ESN	1	3
HG03125	female	child	AFR	ESN	2	3
HG03126	female	mother	AFR	ESN	8	2
HG03127	male	father	AFR	ESN	2	1
HG03128	male	child	AFR	ESN	2	1
HG03129	female	mother	AFR	ESN	1	1
HG03130	male	father	AFR	ESN	2	2
HG03131	male	child	AFR	ESN	1	2
HG03132	female	mother	AFR	ESN	8	1
HG03133	male	father	AFR	ESN	1	2
HG03134	male	child	AFR	ESN	1	2
HG03135	female	mother	AFR	ESN	6	8
HG03136	male	father	AFR	ESN	8	2
HG03137	male	child	AFR	ESN	8	2
HG03159	female	mother	AFR	ESN	2	3
HG03160	male	father	AFR	ESN	2	2
HG03161	male	child	AFR	ESN	3	2
HG03162	female	mother	AFR	ESN	7	8
HG03163	male	father	AFR	ESN	8	6
HG03164	female	child	AFR	ESN	8	6
HG03168	female	mother	AFR	ESN	8	8
HG03169	male	father	AFR	ESN	3	1
HG03170	male	child	AFR	ESN	8	1
HG03189	female	mother	AFR	ESN	1	2
HG03190	male	father	AFR	ESN	2	6
HG03191	male	child	AFR	ESN	2	6
HG03195	female	mother	AFR	ESN	3	8
HG03196	male	father	AFR	ESN	1	2
HG03197	male	child	AFR	ESN	8	2
HG03198	female	mother	AFR	ESN	8	1
HG03199	male	father	AFR	ESN	8	1
HG03200	female	child	AFR	ESN	1	1
HG03228	male	father	SAS	PJL	1	1
HG03229	female	mother	SAS	PJL	4	4
HG03230	female	child	SAS	PJL	4	1
HG03234	male	father	SAS	PJL	4	1
HG03235	female	mother	SAS	PJL	4	1
HG03236	female	child	SAS	PJL	1	1
HG03237	male	father	SAS	PJL	4	1
HG03238	female	mother	SAS	PJL	1	5
HG03239	female	child	SAS	PJL	5	1
HG03240	male	father	AFR	GWD	2	1
HG03241	female	mother	AFR	GWD	2	1
HG03242	male	child	AFR	GWD	1	1
HG03246	male	father	AFR	GWD	2	2
HG03247	female	mother	AFR	GWD	8	2
HG03248	male	child	AFR	GWD	2	2
HG03249	male	father	AFR	GWD	7	1
HG03250	female	mother	AFR	GWD	1	1
HG03251	female	child	AFR	GWD	1	1
HG03258	male	father	AFR	GWD	3	2
HG03259	female	mother	AFR	GWD	2	8
HG03260	male	child	AFR	GWD	8	2
HG03267	female	mother	AFR	ESN	2	2
HG03268	male	father	AFR	ESN	2	1
HG03269	male	child	AFR	ESN	2	1
HG03270	female	mother	AFR	ESN	2	1
HG03271	male	father	AFR	ESN	2	2
HG03272	female	child	AFR	ESN	1	2
HG03294	female	mother	AFR	ESN	8	2
HG03295	male	father	AFR	ESN	2	2
HG03296	male	child	AFR	ESN	2	2
HG03297	female	mother	AFR	ESN	3	1
HG03298	male	father	AFR	ESN	2	1
HG03299	male	child	AFR	ESN	1	1
HG03300	female	mother	AFR	ESN	2	2
HG03301	male	father	AFR	ESN	1	1
HG03302	male	child	AFR	ESN	2	1
HG03303	female	mother	AFR	ESN	2	1
HG03304	male	father	AFR	ESN	8	1
HG03305	female	child	AFR	ESN	1	1
HG03306	female	mother	AFR	ESN	1	2
HG03307	male	father	AFR	ESN	1	3
HG03308	male	child	AFR	ESN	2	3
HG03309	female	mother	AFR	ESN	4	2
HG03310	female	child	AFR	ESN	2	2
HG03311	male	father	AFR	ESN	1	2
HG03312	female	mother	AFR	ESN	2	8
HG03313	male	father	AFR	ESN	2	1
HG03314	male	child	AFR	ESN	8	1
HG03342	female	mother	AFR	ESN	1	2
HG03343	male	father	AFR	ESN	2	7
HG03344	male	child	AFR	ESN	2	7
HG03350	male	child	AFR	ESN	2	1
HG03351	female	mother	AFR	ESN	1	2
HG03352	male	father	AFR	ESN	2	1
HG03366	female	mother	AFR	ESN	8	1
HG03367	male	father	AFR	ESN	2	8
HG03368	male	child	AFR	ESN	1	8
HG03369	female	mother	AFR	ESN	2	2
HG03370	male	father	AFR	ESN	1	8
HG03371	male	child	AFR	ESN	2	8
HG03372	female	mother	AFR	ESN	3	1
HG03373	male	father	AFR	ESN	1	2
HG03374	female	child	AFR	ESN	1	2
HG03438	female	child	AFR	MSL	3	2
HG03451	male	father	AFR	MSL	8	2
HG03452	female	mother	AFR	MSL	1	1
HG03453	female	child	AFR	MSL	1	2
HG03454	male	father	AFR	MSL	8	1
HG03455	female	mother	AFR	MSL	2	2
HG03456	male	child	AFR	MSL	2	1
HG03469	male	father	AFR	MSL	8	2
HG03470	female	mother	AFR	MSL	2	3
HG03478	male	father	AFR	MSL	8	8
HG03479	female	mother	AFR	MSL	2	2
HG03480	female	child	AFR	MSL	2	8
HG03484	male	father	AFR	MSL	8	2
HG03485	female	mother	AFR	MSL	8	8
HG03486	female	child	AFR	MSL	8	2
HG03487	male	father	SAS	PJL	1	4
HG03488	female	mother	SAS	PJL	4	1
HG03489	male	child	SAS	PJL	1	4
HG03490	male	father	SAS	PJL	2	2
HG03491	female	mother	SAS	PJL	1	1
HG03492	male	child	SAS	PJL	1	2
HG03514	female	mother	AFR	ESN	2	2
HG03515	male	father	AFR	ESN	4	8
HG03516	female	child	AFR	ESN	2	8
HG03517	female	mother	AFR	ESN	2	1
HG03518	male	father	AFR	ESN	2	7
HG03519	male	child	AFR	ESN	1	7
HG03520	female	mother	AFR	ESN	2	2
HG03521	male	father	AFR	ESN	2	2
HG03522	female	child	AFR	ESN	2	2
HG03538	male	father	AFR	GWD	8	1
HG03539	female	mother	AFR	GWD	8	1
HG03540	female	child	AFR	GWD	1	1
HG03574	male	father	AFR	MSL	2	3
HG03575	female	mother	AFR	MSL	2	2
HG03576	female	child	AFR	MSL	2	3
HG03577	male	father	AFR	MSL	2	1
HG03578	female	mother	AFR	MSL	1	2
HG03579	male	child	AFR	MSL	2	1
HG03582	male	father	AFR	MSL	1	3
HG03583	female	mother	AFR	MSL	1	1
HG03584	female	child	AFR	MSL	1	3
HG03594	male	father	SAS	BEB	1	1
HG03595	female	mother	SAS	BEB	1	1
HG03596	male	child	SAS	BEB	1	1
HG03605	female	child	SAS	BEB	1	4
HG03606	male	father	SAS	BEB	1	4
HG03607	female	mother	SAS	BEB	4	1
HG03615	male	father	SAS	BEB	1	1
HG03616	female	mother	SAS	BEB	5	2
HG03617	female	child	SAS	BEB	2	1
HG03618	male	father	SAS	PJL	1	4
HG03619	female	mother	SAS	PJL	1	4
HG03620	female	child	SAS	PJL	4	4
HG03624	male	father	SAS	PJL	1	1
HG03625	female	mother	SAS	PJL	1	4
HG03626	female	child	SAS	PJL	4	1
HG03633	male	father	SAS	PJL	1	1
HG03634	female	mother	SAS	PJL	2	4
HG03635	female	child	SAS	PJL	4	1
HG03639	male	father	SAS	PJL	2	1
HG03640	female	mother	SAS	PJL	1	1
HG03641	male	child	SAS	PJL	1	1
HG03642	female	mother	SAS	STU	4	1
HG03649	male	father	SAS	PJL	1	1
HG03650	female	mother	SAS	PJL	1	1
HG03651	male	child	SAS	PJL	1	1
HG03652	male	father	SAS	PJL	4	1
HG03653	female	mother	SAS	PJL	4	4
HG03654	male	child	SAS	PJL	4	1
HG03667	male	father	SAS	PJL	2	1
HG03668	female	mother	SAS	PJL	2	4
HG03669	female	child	SAS	PJL	4	1
HG03679	male	father	SAS	STU	1	1
HG03682	male	father	SAS	STU	1	1
HG03683	female	child	SAS	STU	2	1
HG03684	female	mother	SAS	STU	1	2
HG03688	male	child	SAS	STU	1	1
HG03699	male	father	SAS	PJL	1	4
HG03700	female	mother	SAS	PJL	4	5
HG03701	male	child	SAS	PJL	5	4
HG03702	male	father	SAS	PJL	1	1
HG03703	female	mother	SAS	PJL	1	1
HG03704	female	child	SAS	PJL	1	1
HG03705	male	father	SAS	PJL	1	4
HG03706	female	mother	SAS	PJL	4	1
HG03707	male	child	SAS	PJL	1	4
HG03708	male	father	SAS	PJL	1	4
HG03709	female	mother	SAS	PJL	4	1
HG03710	male	child	SAS	PJL	1	4
HG03719	female	child	SAS	ITU	2	1
HG03721	female	mother	SAS	ITU	4	1
HG03722	female	mother	SAS	ITU	1	2
HG03725	male	father	SAS	ITU	4	1
HG03727	male	father	SAS	ITU	1	1
HG03732	male	child	SAS	ITU	1	1
HG03761	male	father	SAS	PJL	4	1
HG03762	female	mother	SAS	PJL	2	1
HG03763	male	child	SAS	PJL	1	1
HG03793	female	mother	SAS	BEB	1	1
HG03794	male	father	SAS	BEB	1	1
HG03795	male	child	SAS	BEB	1	1
HG03796	female	mother	SAS	BEB	1	1
HG03797	male	father	SAS	BEB	1	4
HG03798	male	child	SAS	BEB	1	4
HG03799	female	mother	SAS	BEB	1	1
HG03800	male	father	SAS	BEB	1	1
HG03801	female	child	SAS	BEB	1	1
HG03802	female	mother	SAS	BEB	1	4
HG03803	male	father	SAS	BEB	1	2
HG03804	female	child	SAS	BEB	4	2
HG03805	female	mother	SAS	BEB	1	5
HG03806	male	father	SAS	BEB	1	4
HG03807	female	child	SAS	BEB	5	4
HG03814	female	proband	SAS	BEB	1	2
HG03815	male	proband	SAS	BEB	4	5
HG03816	female	proband	SAS	BEB	2	5
HG03823	female	mother	SAS	BEB	1	4
HG03824	male	father	SAS	BEB	1	4
HG03825	female	child	SAS	BEB	4	4
HG03829	female	mother	SAS	BEB	1	1
HG03830	male	father	SAS	BEB	2	1
HG03831	female	child	SAS	BEB	1	1
HG03832	female	mother	SAS	BEB	1	1
HG03833	male	father	SAS	BEB	4	1
HG03834	female	child	SAS	BEB	1	1
HG03885	male	father	SAS	STU	1	1
HG03886	female	mother	SAS	STU	4	1
HG03894	female	mother	SAS	STU	1	5
HG03896	male	father	SAS	STU	5	1
HG03904	female	mother	SAS	BEB	2	1
HG03905	male	father	SAS	BEB	1	1
HG03906	male	child	SAS	BEB	1	1
HG03907	female	mother	SAS	BEB	1	1
HG03908	male	father	SAS	BEB	4	1
HG03909	male	child	SAS	BEB	1	1
HG03913	female	mother	SAS	BEB	1	1
HG03914	male	father	SAS	BEB	1	1
HG03915	female	child	SAS	BEB	1	1
HG03925	female	mother	SAS	BEB	4	1
HG03926	male	father	SAS	BEB	4	1
HG03927	female	child	SAS	BEB	1	1
HG03928	female	mother	SAS	BEB	4	1
HG03929	male	father	SAS	BEB	2	2
HG03930	female	child	SAS	BEB	1	2
HG03940	female	mother	SAS	BEB	2	1
HG03941	male	father	SAS	BEB	2	1
HG03942	male	child	SAS	BEB	1	1
HG03943	male	father	SAS	STU	4	1
HG03944	female	mother	SAS	STU	1	2
HG03992	male	child	SAS	STU	2	1
HG04036	female	child	SAS	STU	1	4
HG04075	female	mother	SAS	STU	4	1
HG04099	female	mother	SAS	STU	4	1
HG04100	male	father	SAS	STU	2	1
HG04115	male	child	SAS	STU	5	1
HG04122	male	child	SAS	STU	1	1
HG04127	male	father	SAS	STU	4	1
HG04131	male	father	SAS	BEB	4	4
HG04132	female	mother	SAS	BEB	1	4
HG04133	female	child	SAS	BEB	4	4
HG04134	male	father	SAS	BEB	4	1
HG04135	female	mother	SAS	BEB	1	4
HG04136	female	child	SAS	BEB	4	1
HG04140	male	father	SAS	BEB	1	1
HG04141	female	mother	SAS	BEB	1	1
HG04142	female	child	SAS	BEB	1	1
HG04146	male	father	SAS	BEB	4	4
HG04147	female	mother	SAS	BEB	1	1
HG04148	female	child	SAS	BEB	1	4
HG04149	male	father	SAS	BEB	1	1
HG04150	female	mother	SAS	BEB	1	1
HG04151	female	child	SAS	BEB	1	1
HG04155	male	father	SAS	BEB	1	1
HG04156	female	mother	SAS	BEB	1	1
HG04157	male	child	SAS	BEB	1	1
HG04158	male	father	SAS	BEB	1	1
HG04159	female	mother	SAS	BEB	1	1
HG04160	male	child	SAS	BEB	1	1
HG04173	male	father	SAS	BEB	1	1
HG04174	female	mother	SAS	BEB	1	1
HG04175	female	child	SAS	BEB	1	1
HG04182	male	father	SAS	BEB	4	1
HG04183	female	mother	SAS	BEB	1	1
HG04184	female	child	SAS	BEB	1	1
HG04185	male	father	SAS	BEB	1	1
HG04186	female	mother	SAS	BEB	1	1
HG04187	male	child	SAS	BEB	1	1
HG04191	male	father	SAS	BEB	4	1
HG04192	female	mother	SAS	BEB	1	5
HG04193	male	child	SAS	BEB	5	1
HG04198	male	father	SAS	ITU	4	4
HG04199	male	child	SAS	STU	1	1
HG04200	female	mother	SAS	ITU	4	1
HG04204	male	child	SAS	STU	1	1
HG04215	male	child	SAS	STU	1	1
HG04217	female	child	SAS	ITU	1	4
HG04227	female	mother	SAS	STU	4	4
HG04228	male	child	SAS	STU	4	5
HG04229	male	father	SAS	STU	4	5
NA06984	male	father	EUR	CEU	1	1
NA06985	female	maternal grandmother	EUR	CEU	4	4
NA06986	male	maternal grandfather	EUR	CEU	1	4
NA06989	female	mother	EUR	CEU	1	1
NA06991	female	mother	EUR	CEU	4	1
NA06993	male	maternal grandfather	EUR	CEU	1	1
NA06994	male	paternal grandfather	EUR	CEU	4	1
NA06995	male	father	EUR	CEU	1	1
NA06997	female	mother	EUR	CEU	1	4
NA07000	female	paternal grandmother	EUR	CEU	1	1
NA07014	female	mother	EUR	CEU	4	4
NA07019	female	mother	EUR	CEU	1	1
NA07022	male	maternal grandfather	EUR	CEU	4	1
NA07029	male	father	EUR	CEU	1	1
NA07031	female	maternal grandmother	EUR	CEU	4	4
NA07034	male	paternal grandfather	EUR	CEU	4	4
NA07037	female	paternal grandmother	EUR	CEU	1	1
NA07045	female	maternal grandmother	EUR	CEU	1	1
NA07048	male	father	EUR	CEU	4	4
NA07051	male	maternal grandfather	EUR	CEU	4	4
NA07055	female	paternal grandmother	EUR	CEU	1	4
NA07056	female	maternal grandmother	EUR	CEU	1	1
NA07345	female	maternal grandmother	EUR	CEU	1	4
NA07346	female	paternal grandmother	EUR	CEU	4	1
NA07347	male	paternal grandfather	EUR	CEU	4	1
NA07348	female	mother	EUR	CEU	4	1
NA07349	male	father	EUR	CEU	1	1
NA07357	male	maternal grandfather	EUR	CEU	1	1
NA07435	male	paternal grandfather	EUR	CEU	4	1
NA10830	male	father	EUR	CEU	1	4
NA10831	female	mother	EUR	CEU	4	1
NA10835	male	father	EUR	CEU	4	1
NA10836	female	mother	EUR	CEU	1	1
NA10837	male	father	EUR	CEU	1	1
NA10838	male	father	EUR	CEU	1	4
NA10839	female	mother	EUR	CEU	1	4
NA10840	female	mother	EUR	CEU	4	1
NA10842	male	father	EUR	CEU	1	1
NA10843	female	mother	EUR	CEU	4	1
NA10845	male	father	EUR	CEU	4	4
NA10846	male	father	EUR	CEU	1	4
NA10847	female	mother	EUR	CEU	4	1
NA10851	male	father	EUR	CEU	4	4
NA10852	female	mother	EUR	CEU	4	4
NA10854	female	mother	EUR	CEU	1	1
NA10855	female	mother	EUR	CEU	1	1
NA10856	male	father	EUR	CEU	1	4
NA10857	male	father	EUR	CEU	4	1
NA10859	female	mother	EUR	CEU	1	4
NA10860	male	father	EUR	CEU	4	4
NA10861	female	mother	EUR	CEU	1	4
NA10863	female	mother	EUR	CEU	1	1
NA10864	female	mother	EUR	CEU	1	1
NA10865	male	father	EUR	CEU	4	4
NA11829	male	paternal grandfather	EUR	CEU	4	4
NA11830	female	paternal grandmother	EUR	CEU	4	1
NA11831	male	maternal grandfather	EUR	CEU	1	1
NA11832	female	maternal grandmother	EUR	CEU	1	1
NA11839	male	maternal grandfather	EUR	CEU	1	1
NA11840	female	maternal grandmother	EUR	CEU	1	1
NA11881	male	maternal grandfather	EUR	CEU	4	4
NA11882	female	maternal grandmother	EUR	CEU	1	1
NA11891	male	paternal grandfather	EUR	CEU	4	4
NA11892	female	paternal grandmother	EUR	CEU	1	4
NA11893	male	maternal grandfather	EUR	CEU	5	1
NA11894	female	maternal grandmother	EUR	CEU	1	1
NA11917	male	paternal grandfather	EUR	CEU	1	1
NA11918	female	paternal grandmother	EUR	CEU	4	1
NA11919	male	maternal grandfather	EUR	CEU	4	1
NA11920	female	maternal grandmother	EUR	CEU	1	4
NA11930	male	paternal grandfather	EUR	CEU	4	4
NA11931	female	paternal grandmother	EUR	CEU	1	4
NA11992	male	paternal grandfather	EUR	CEU	1	4
NA11993	female	paternal grandmother	EUR	CEU	1	4
NA11994	male	maternal grandfather	EUR	CEU	4	4
NA11995	female	maternal grandmother	EUR	CEU	4	1
NA12003	male	paternal grandfather	EUR	CEU	4	4
NA12004	female	paternal grandmother	EUR	CEU	1	1
NA12005	male	maternal grandfather	EUR	CEU	4	4
NA12006	female	maternal grandmother	EUR	CEU	4	1
NA12043	male	paternal grandfather	EUR	CEU	1	1
NA12044	female	paternal grandmother	EUR	CEU	4	4
NA12045	male	maternal grandfather	EUR	CEU	4	4
NA12046	female	maternal grandmother	EUR	CEU	4	4
NA12056	male	paternal grandfather	EUR	CEU	1	4
NA12057	female	paternal grandmother	EUR	CEU	1	4
NA12144	male	paternal grandfather	EUR	CEU	4	4
NA12145	female	paternal grandmother	EUR	CEU	1	1
NA12146	male	maternal grandfather	EUR	CEU	1	1
NA12154	male	paternal grandfather	EUR	CEU	1	4
NA12155	male	maternal grandfather	EUR	CEU	4	1
NA12156	female	maternal grandmother	EUR	CEU	1	4
NA12234	female	maternal grandmother	EUR	CEU	1	1
NA12236	female	paternal grandmother	EUR	CEU	4	1
NA12239	female	maternal grandmother	EUR	CEU	4	4
NA12248	male	paternal grandfather	EUR	CEU	4	1
NA12249	female	paternal grandmother	EUR	CEU	1	4
NA12264	male	maternal grandfather	EUR	CEU	1	1
NA12272	male	paternal grandfather	EUR	CEU	1	1
NA12273	female	paternal grandmother	EUR	CEU	4	1
NA12274	male	maternal grandfather	EUR	CEU	4	1
NA12275	female	maternal grandmother	EUR	CEU	1	1
NA12286	male	maternal grandfather	EUR	CEU	1	1
NA12287	female	maternal grandmother	EUR	CEU	1	4
NA12329	female	daughter	EUR	CEU	1	1
NA12335	male	father	EUR	CEU	1	4
NA12336	female	mother	EUR	CEU	4	1
NA12340	male	paternal grandfather	EUR	CEU	1	4
NA12341	female	paternal grandmother	EUR	CEU	1	1
NA12342	male	maternal grandfather	EUR	CEU	4	1
NA12343	female	maternal grandmother	EUR	CEU	1	4
NA12344	male	father	EUR	CEU	4	4
NA12347	male	paternal grandfather	EUR	CEU	1	4
NA12348	female	paternal grandmother	EUR	CEU	4	4
NA12376	female	mother	EUR	CEU	4	1
NA12386	female	mother	EUR	CEU	4	1
NA12399	male	maternal grandfather	EUR	CEU	1	1
NA12400	female	maternal grandmother	EUR	CEU	1	4
NA12413	male	paternal grandfather	EUR	CEU	1	1
NA12414	female	paternal grandmother	EUR	CEU	4	4
NA12485	male	father	EUR	CEU	4	1
NA12489	female	maternal grandmother	EUR	CEU	1	4
NA12546	male	maternal grandfather	EUR	CEU	1	1
NA12707	male	father	EUR	CEU	4	4
NA12716	male	paternal grandfather	EUR	CEU	4	4
NA12717	female	paternal grandmother	EUR	CEU	1	4
NA12739	male	father	EUR	CEU	4	1
NA12740	female	mother	EUR	CEU	4	4
NA12748	male	paternal grandfather	EUR	CEU	4	1
NA12749	female	paternal grandmother	EUR	CEU	1	4
NA12750	male	maternal grandfather	EUR	CEU	4	4
NA12751	female	maternal grandmother	EUR	CEU	1	4
NA12752	male	father	EUR	CEU	1	1
NA12753	female	mother	EUR	CEU	1	1
NA12760	male	paternal grandfather	EUR	CEU	1	1
NA12761	female	paternal grandmother	EUR	CEU	4	1
NA12762	male	maternal grandfather	EUR	CEU	4	1
NA12763	female	maternal grandmother	EUR	CEU	4	1
NA12766	male	father	EUR	CEU	1	4
NA12767	female	mother	EUR	CEU	4	1
NA12775	male	paternal grandfather	EUR	CEU	4	4
NA12776	female	paternal grandmother	EUR	CEU	1	1
NA12777	male	maternal grandfather	EUR	CEU	1	1
NA12778	female	maternal grandmother	EUR	CEU	4	4
NA12801	male	father	EUR	CEU	1	1
NA12802	female	mother	EUR	CEU	4	1
NA12812	male	paternal grandfather	EUR	CEU	4	1
NA12813	female	paternal grandmother	EUR	CEU	1	1
NA12814	male	maternal grandfather	EUR	CEU	1	1
NA12815	female	maternal grandmother	EUR	CEU	1	4
NA12817	male	father	EUR	CEU	4	1
NA12818	female	mother	EUR	CEU	4	1
NA12827	male	paternal grandfather	EUR	CEU	4	1
NA12828	female	paternal grandmother	EUR	CEU	4	4
NA12829	male	maternal grandfather	EUR	CEU	4	1
NA12830	female	maternal grandmother	EUR	CEU	4	4
NA12832	female	mother	EUR	CEU	1	1
NA12842	male	maternal grandfather	EUR	CEU	1	1
NA12843	female	maternal grandmother	EUR	CEU	1	1
NA12864	male	father	EUR	CEU	1	1
NA12865	female	mother	EUR	CEU	1	4
NA12872	male	paternal grandfather	EUR	CEU	1	1
NA12873	female	paternal grandmother	EUR	CEU	1	1
NA12874	male	maternal grandfather	EUR	CEU	4	4
NA12875	female	maternal grandmother	EUR	CEU	1	1
NA12877	male	father	EUR	CEU	1	1
NA12878	female	mother	EUR	CEU	4	4
NA12889	male	paternal grandfather	EUR	CEU	1	1
NA12890	female	paternal grandmother	EUR	CEU	4	1
NA12891	male	maternal grandfather	EUR	CEU	4	4
NA12892	female	maternal grandmother	EUR	CEU	6	4
NA18484	female	child	AFR	YRI	8	1
NA18485	male	child	AFR	YRI	2	2
NA18486	male	father	AFR	YRI	2	1
NA18487	male	father	AFR	YRI	2	2
NA18488	female	mother	AFR	YRI	1	8
NA18489	female	mother	AFR	YRI	1	2
NA18497	male	child	AFR	YRI	2	1
NA18498	male	father	AFR	YRI	2	1
NA18499	female	mother	AFR	YRI	1	2
NA18500	male	child	AFR	YRI	2	2
NA18501	male	father	AFR	YRI	1	2
NA18502	female	mother	AFR	YRI	2	2
NA18503	male	child	AFR	YRI	7	1
NA18504	male	father	AFR	YRI	3	1
NA18505	female	mother	AFR	YRI	2	7
NA18506	male	child	AFR	YRI	2	8
NA18507	male	father	AFR	YRI	2	8
NA18508	female	mother	AFR	YRI	2	2
NA18515	male	child	AFR	YRI	2	2
NA18516	male	father	AFR	YRI	2	2
NA18517	female	mother	AFR	YRI	2	2
NA18518	female	child	AFR	YRI	7	2
NA18519	male	father	AFR	YRI	2	2
NA18520	female	mother	AFR	YRI	2	7
NA18521	male	child	AFR	YRI	1	3
NA18522	male	father	AFR	YRI	8	3
NA18523	female	mother	AFR	YRI	1	1
NA18852	female	mother	AFR	YRI	1	2
NA18853	male	father	AFR	YRI	2	2
NA18854	male	child	AFR	YRI	2	2
NA18855	female	mother	AFR	YRI	1	2
NA18856	male	father	AFR	YRI	1	8
NA18857	male	child	AFR	YRI	2	8
NA18858	female	mother	AFR	YRI	1	8
NA18859	male	father	AFR	YRI	2	8
NA18860	male	child	AFR	YRI	8	8
NA18861	female	mother	AFR	YRI	2	2
NA18862	male	father	AFR	YRI	2	3
NA18863	male	child	AFR	YRI	2	3
NA18867	female	mother	AFR	YRI	3	2
NA18868	male	father	AFR	YRI	2	2
NA18869	male	child	AFR	YRI	2	2
NA18870	female	mother	AFR	YRI	1	8
NA18871	male	father	AFR	YRI	7	2
NA18872	male	child	AFR	YRI	8	2
NA18873	female	mother	AFR	YRI	2	2
NA18874	male	father	AFR	YRI	2	2
NA18875	female	child	AFR	YRI	2	2
NA18876	female	mother	AFR	YRI	1	2
NA18877	male	father	AFR	YRI	2	1
NA18906	female	child	AFR	YRI	2	1
NA18909	female	mother	AFR	YRI	6	2
NA18910	male	father	AFR	YRI	2	1
NA18911	male	child	AFR	YRI	2	1
NA18912	female	mother	AFR	YRI	2	3
NA18913	male	father	AFR	YRI	2	2
NA18914	male	child	AFR	YRI	3	2
NA18916	female	mother	AFR	YRI	1	2
NA18917	male	father	AFR	YRI	2	2
NA18923	male	father	AFR	YRI	1	3
NA18924	female	mother	AFR	YRI	2	3
NA18925	male	child	AFR	YRI	3	3
NA18930	female	child	AFR	YRI	2	2
NA18933	female	mother	AFR	YRI	2	1
NA18934	male	father	AFR	YRI	1	3
NA18935	male	child	AFR	YRI	1	3
NA19092	male	father	AFR	YRI	2	2
NA19093	female	mother	AFR	YRI	7	2
NA19094	female	child	AFR	YRI	2	2
NA19095	female	mother	AFR	YRI	1	1
NA19096	male	father	AFR	YRI	2	8
NA19097	female	child	AFR	YRI	1	8
NA19098	male	father	AFR	YRI	7	2
NA19099	female	mother	AFR	YRI	2	1
NA19100	female	child	AFR	YRI	1	2
NA19101	male	father	AFR	YRI	2	2
NA19102	female	mother	AFR	YRI	1	1
NA19103	male	child	AFR	YRI	1	2
NA19107	male	father	AFR	YRI	1	2
NA19108	female	mother	AFR	YRI	1	2
NA19109	female	child	AFR	YRI	2	2
NA19113	male	father	AFR	YRI	2	2
NA19114	female	mother	AFR	YRI	2	8
NA19115	female	child	AFR	YRI	8	2
NA19116	female	mother	AFR	YRI	2	7
NA19117	male	father	AFR	YRI	2	2
NA19118	female	mother	AFR	YRI	2	2
NA19119	male	father	AFR	YRI	2	2
NA19120	male	child	AFR	YRI	7	2
NA19121	male	father	AFR	YRI	2	1
NA19122	female	mother	AFR	YRI	8	6
NA19123	male	child	AFR	YRI	6	1
NA19127	female	mother	AFR	YRI	1	2
NA19128	male	father	AFR	YRI	2	8
NA19129	female	child	AFR	YRI	2	8
NA19130	male	father	AFR	YRI	2	2
NA19131	female	mother	AFR	YRI	2	2
NA19132	female	child	AFR	YRI	2	2
NA19137	female	mother	AFR	YRI	2	3
NA19138	male	father	AFR	YRI	8	2
NA19139	male	child	AFR	YRI	3	2
NA19140	female	mother	AFR	YRI	2	7
NA19141	male	father	AFR	YRI	2	3
NA19142	male	child	AFR	YRI	7	3
NA19143	female	mother	AFR	YRI	2	7
NA19144	male	father	AFR	YRI	1	8
NA19145	male	child	AFR	YRI	7	8
NA19146	male	father	AFR	YRI	2	2
NA19147	female	mother	AFR	YRI	2	2
NA19148	female	child	AFR	YRI	2	2
NA19149	female	mother	AFR	YRI	8	2
NA19150	male	father	AFR	YRI	2	2
NA19151	female	child	AFR	YRI	2	2
NA19152	female	mother	AFR	YRI	2	7
NA19153	male	father	AFR	YRI	2	8
NA19154	male	child	AFR	YRI	7	8
NA19159	female	mother	AFR	YRI	8	2
NA19160	male	father	AFR	YRI	1	1
NA19161	male	child	AFR	YRI	2	1
NA19171	male	father	AFR	YRI	2	2
NA19172	female	mother	AFR	YRI	2	1
NA19173	male	child	AFR	YRI	1	2
NA19174	male	child	AFR	YRI	2	2
NA19175	male	father	AFR	YRI	7	1
NA19176	female	mother	AFR	YRI	2	1
NA19177	male	child	AFR	YRI	1	1
NA19184	male	father	AFR	YRI	2	1
NA19185	female	mother	AFR	YRI	1	3
NA19186	male	child	AFR	YRI	3	1
NA19189	male	father	AFR	YRI	2	2
NA19190	female	mother	AFR	YRI	1	6
NA19191	male	child	AFR	YRI	6	2
NA19197	female	mother	AFR	YRI	2	2
NA19198	male	father	AFR	YRI	2	1
NA19199	female	child	AFR	YRI	2	1
NA19200	male	father	AFR	YRI	2	7
NA19201	female	mother	AFR	YRI	2	7
NA19202	female	child	AFR	YRI	7	7
NA19203	male	father	AFR	YRI	2	1
NA19204	female	mother	AFR	YRI	2	8
NA19205	male	child	AFR	YRI	8	1
NA19206	female	mother	AFR	YRI	2	2
NA19207	male	father	AFR	YRI	2	1
NA19208	male	child	AFR	YRI	2	1
NA19209	female	mother	AFR	YRI	2	2
NA19210	male	father	AFR	YRI	2	2
NA19211	male	child	AFR	YRI	2	2
NA19213	male	father	AFR	YRI	1	2
NA19214	female	mother	AFR	YRI	1	2
NA19215	female	child	AFR	YRI	2	2
NA19221	female	child	AFR	YRI	2	2
NA19222	female	mother	AFR	YRI	2	2
NA19223	male	father	AFR	YRI	2	2
NA19224	male	child	AFR	YRI	8	8
NA19225	female	mother	AFR	YRI	2	8
NA19226	male	father	AFR	YRI	2	8
NA19235	female	mother	AFR	YRI	1	2
NA19236	male	father	AFR	YRI	2	8
NA19237	female	child	AFR	YRI	2	8
NA19238	female	mother	AFR	YRI	2	2
NA19239	male	father	AFR	YRI	2	2
NA19240	female	child	AFR	YRI	2	2
NA19247	female	mother	AFR	YRI	2	2
NA19248	male	father	AFR	YRI	2	2
NA19249	male	child	AFR	YRI	2	2
NA19256	male	father	AFR	YRI	2	3
NA19257	female	mother	AFR	YRI	2	2
NA19258	male	child	AFR	YRI	2	3
NA19648	female	mother	AMR	MXL	1	1
NA19649	male	father	AMR	MXL	1	5
NA19650	male	child	AMR	MXL	1	5
NA19651	female	mother	AMR	MXL	2	4
NA19652	male	father	AMR	MXL	1	1
NA19653	female	child	AMR	MXL	4	1
NA19654	female	mother	AMR	MXL	1	2
NA19655	male	father	AMR	MXL	1	1
NA19656	female	child	AMR	MXL	2	1
NA19657	female	mother	AMR	MXL	4	1
NA19658	male	father	AMR	MXL	1	1
NA19659	female	child	AMR	MXL	1	1
NA19660	female	mother	AMR	MXL	1	1
NA19661	male	father	AMR	MXL	1	2
NA19662	female	child	AMR	MXL	1	2
NA19663	female	mother	AMR	MXL	4	1
NA19664	male	father	AMR	MXL	1	1
NA19665	female	child	AMR	MXL	1	1
NA19669	female	mother	AMR	MXL	1	1
NA19670	male	father	AMR	MXL	2	2
NA19671	female	child	AMR	MXL	1	2
NA19675	female	mother	AMR	MXL	4	4
NA19676	male	father	AMR	MXL	4	4
NA19677	female	child	AMR	MXL	4	4
NA19678	female	mother	AMR	MXL	1	4
NA19679	male	father	AMR	MXL	1	4
NA19680	female	child	AMR	MXL	4	4
NA19681	female	mother	AMR	MXL	4	1
NA19682	male	father	AMR	MXL	4	4
NA19683	female	child	AMR	MXL	1	4
NA19684	female	mother	AMR	MXL	4	4
NA19685	male	father	AMR	MXL	1	2
NA19686	female	child	AMR	MXL	4	2
NA19700	male	father	AFR	ASW	2	2
NA19701	female	mother	AFR	ASW	2	2
NA19702	male	child	AFR	ASW	2	2
NA19703	male	father	AFR	ASW	1	2
NA19704	female	mother	AFR	ASW	2	8
NA19705	male	child	AFR	ASW	8	2
NA19713	female	mother	AFR	ASW	4	2
NA19716	female	mother	AMR	MXL	1	2
NA19717	male	father	AMR	MXL	4	1
NA19718	female	child	AMR	MXL	2	1
NA19719	female	mother	AMR	MXL	1	4
NA19720	male	father	AMR	MXL	2	4
NA19721	female	child	AMR	MXL	4	4
NA19722	female	mother	AMR	MXL	2	1
NA19723	male	father	AMR	MXL	1	4
NA19724	male	child	AMR	MXL	1	4
NA19725	female	mother	AMR	MXL	1	1
NA19726	male	father	AMR	MXL	1	1
NA19727	male	child	AMR	MXL	1	1
NA19728	female	mother	AMR	MXL	2	2
NA19729	male	father	AMR	MXL	2	1
NA19730	female	child	AMR	MXL	2	1
NA19731	female	mother	AMR	MXL	4	1
NA19732	male	father	AMR	MXL	2	4
NA19733	female	child	AMR	MXL	1	4
NA19746	female	mother	AMR	MXL	4	1
NA19747	male	father	AMR	MXL	1	1
NA19748	female	child	AMR	MXL	1	1
NA19749	female	mother	AMR	MXL	5	2
NA19750	male	father	AMR	MXL	1	4
NA19751	male	child	AMR	MXL	2	4
NA19755	female	mother	AMR	MXL	1	1
NA19756	male	father	AMR	MXL	1	1
NA19757	male	child	AMR	MXL	1	1
NA19758	female	mother	AMR	MXL	4	1
NA19759	male	father	AMR	MXL	1	1
NA19760	female	child	AMR	MXL	1	1
NA19761	female	mother	AMR	MXL	1	4
NA19762	male	father	AMR	MXL	1	1
NA19763	female	child	AMR	MXL	4	1
NA19770	female	mother	AMR	MXL	4	4
NA19771	male	father	AMR	MXL	1	1
NA19772	male	child	AMR	MXL	4	1
NA19773	female	mother	AMR	MXL	2	1
NA19774	male	father	AMR	MXL	1	1
NA19775	female	child	AMR	MXL	1	1
NA19776	female	mother	AMR	MXL	1	1
NA19777	male	father	AMR	MXL	4	4
NA19778	male	child	AMR	MXL	1	4
NA19779	female	mother	AMR	MXL	4	1
NA19780	male	father	AMR	MXL	2	1
NA19781	female	child	AMR	MXL	1	1
NA19782	female	mother	AMR	MXL	1	1
NA19783	male	father	AMR	MXL	1	4
NA19784	male	child	AMR	MXL	1	4
NA19785	female	mother	AMR	MXL	1	2
NA19786	male	father	AMR	MXL	2	1
NA19787	male	child	AMR	MXL	2	1
NA19788	female	mother	AMR	MXL	2	4
NA19789	male	father	AMR	MXL	4	1
NA19790	female	-	AMR	MXL	4	1
NA19794	female	mother	AMR	MXL	1	1
NA19795	male	father	AMR	MXL	1	2
NA19796	male	child	AMR	MXL	1	2
NA19818	male	father	AFR	ASW	2	2
NA19819	female	mother	AFR	ASW	3	2
NA19828	male	child	AFR	ASW	2	2
NA19834	male	father	AFR	ASW	2	2
NA19835	female	mother	AFR	ASW	1	4
NA19836	female	child	AFR	ASW	4	2
NA19900	male	father	AFR	ASW	6	1
NA19901	female	mother	AFR	ASW	2	8
NA19902	female	child	AFR	ASW	8	1
NA19908	male	father	AFR	ASW	2	6
NA19909	female	mother	AFR	ASW	2	2
NA19916	male	father	AFR	ASW	3	2
NA19917	female	mother	AFR	ASW	7	1
NA19918	male	child	AFR	ASW	1	2
NA19919	male	child	AFR	ASW	2	6
NA19920	male	father	AFR	ASW	2	2
NA19921	female	mother	AFR	ASW	4	2
NA19922	male	proband	AFR	ASW	8	1
NA19923	female	proband	AFR	ASW	1	1
NA19924	female	child	AFR	ASW	1	1
NA19982	male	father	AFR	ASW	3	4
NA19983	female	child	AFR	ASW	2	4
NA20126	male	father	AFR	ASW	1	1
NA20127	female	mother	AFR	ASW	1	4
NA20128	female	child	AFR	ASW	4	1
NA20129	female	child	AFR	ASW	2	2
NA20278	male	father	AFR	ASW	8	4
NA20279	male	child	AFR	ASW	4	4
NA20282	female	mother	AFR	ASW	2	4
NA20356	male	father	AFR	ASW	2	2
NA20357	female	mother	AFR	ASW	2	1
NA20358	male	child	AFR	ASW	1	2
