id	pop	super_pop	sex	mat_cenhap	pat_cenhap
HG00403	CHS	EAS	2	1	1
HG00404	CHS	EAS	2	1	2
HG00405	CHS	EAS	2	2	1
HG00406	CHS	EAS	2	2	1
HG00407	CHS	EAS	2	2	2
HG00408	CHS	EAS	2	2	1
HG00418	CHS	EAS	2	2	1
HG00419	CHS	EAS	2	3	2
HG00420	CHS	EAS	2	2	1
HG00421	CHS	EAS	2	3	1
HG00422	CHS	EAS	2	1	1
HG00423	CHS	EAS	2	1	1
HG00427	CHS	EAS	2	1	1
HG00428	CHS	EAS	2	1	1
HG00429	CHS	EAS	2	1	1
HG00436	CHS	EAS	2	1	1
HG00437	CHS	EAS	2	1	2
HG00438	CHS	EAS	2	2	1
HG00442	CHS	EAS	2	1	1
HG00443	CHS	EAS	2	1	4
HG00444	CHS	EAS	2	4	1
HG00445	CHS	EAS	2	1	4
HG00446	CHS	EAS	2	1	1
HG00447	CHS	EAS	2	1	4
HG00448	CHS	EAS	2	1	1
HG00449	CHS	EAS	2	2	1
HG00450	CHS	EAS	2	1	1
HG00451	CHS	EAS	2	1	1
HG00452	CHS	EAS	2	1	2
HG00453	CHS	EAS	2	2	1
HG00457	CHS	EAS	2	1	1
HG00458	CHS	EAS	2	2	3
HG00459	CHS	EAS	2	3	1
HG00463	CHS	EAS	2	1	1
HG00464	CHS	EAS	2	5	3
HG00465	CHS	EAS	2	3	1
HG00472	CHS	EAS	2	1	2
HG00473	CHS	EAS	2	3	1
HG00474	CHS	EAS	2	1	2
HG00475	CHS	EAS	2	1	1
HG00476	CHS	EAS	2	2	1
HG00477	CHS	EAS	2	1	1
HG00478	CHS	EAS	2	2	2
HG00479	CHS	EAS	2	2	1
HG00480	CHS	EAS	2	1	2
HG00500	CHS	EAS	2	2	1
HG00501	CHS	EAS	2	2	1
HG00502	CHS	EAS	2	1	1
HG00512	CHS	EAS	2	1	1
HG00513	CHS	EAS	2	2	1
HG00514	CHS	EAS	2	1	1
HG00524	CHS	EAS	2	1	1
HG00525	CHS	EAS	2	2	3
HG00526	CHS	EAS	2	3	1
HG00530	CHS	EAS	2	2	1
HG00531	CHS	EAS	2	1	1
HG00532	CHS	EAS	2	1	1
HG00533	CHS	EAS	2	3	1
HG00534	CHS	EAS	2	1	2
HG00535	CHS	EAS	2	2	1
HG00536	CHS	EAS	2	1	1
HG00537	CHS	EAS	2	1	1
HG00538	CHS	EAS	2	1	1
HG00542	CHS	EAS	2	2	1
HG00543	CHS	EAS	2	2	1
HG00544	CHS	EAS	2	1	1
HG00551	PUR	AMR	2	3	1
HG00552	PUR	AMR	2	1	1
HG00553	PUR	AMR	2	3	3
HG00554	PUR	AMR	2	3	3
HG00555	PUR	AMR	2	3	3
HG00556	CHS	EAS	2	1	1
HG00557	CHS	EAS	2	1	2
HG00558	CHS	EAS	2	2	1
HG00559	CHS	EAS	2	2	3
HG00560	CHS	EAS	2	1	2
HG00561	CHS	EAS	2	2	3
HG00565	CHS	EAS	2	4	2
HG00566	CHS	EAS	2	1	2
HG00567	CHS	EAS	2	2	2
HG00577	CHS	EAS	2	2	1
HG00578	CHS	EAS	2	2	2
HG00579	CHS	EAS	2	2	1
HG00580	CHS	EAS	2	2	2
HG00581	CHS	EAS	2	2	2
HG00582	CHS	EAS	2	2	2
HG00583	CHS	EAS	2	1	1
HG00584	CHS	EAS	2	2	1
HG00585	CHS	EAS	2	1	1
HG00589	CHS	EAS	2	1	1
HG00590	CHS	EAS	2	2	2
HG00591	CHS	EAS	2	2	1
HG00592	CHS	EAS	2	3	4
HG00593	CHS	EAS	2	3	2
HG00594	CHS	EAS	2	2	4
HG00595	CHS	EAS	2	2	1
HG00596	CHS	EAS	2	1	2
HG00597	CHS	EAS	2	2	1
HG00607	CHS	EAS	2	1	1
HG00608	CHS	EAS	2	1	1
HG00609	CHS	EAS	2	1	1
HG00610	CHS	EAS	2	2	1
HG00611	CHS	EAS	2	1	1
HG00612	CHS	EAS	2	1	1
HG00613	CHS	EAS	2	2	1
HG00614	CHS	EAS	2	4	2
HG00615	CHS	EAS	2	2	1
HG00619	CHS	EAS	2	1	1
HG00620	CHS	EAS	2	1	2
HG00621	CHS	EAS	2	2	1
HG00625	CHS	EAS	2	2	1
HG00626	CHS	EAS	2	1	1
HG00627	CHS	EAS	2	1	1
HG00628	CHS	EAS	2	2	2
HG00629	CHS	EAS	2	1	1
HG00630	CHS	EAS	2	1	2
HG00634	CHS	EAS	2	2	2
HG00635	CHS	EAS	2	1	2
HG00636	CHS	EAS	2	2	2
HG00637	PUR	AMR	2	1	1
HG00638	PUR	AMR	2	4	3
HG00639	PUR	AMR	2	3	1
HG00640	PUR	AMR	2	1	2
HG00641	PUR	AMR	2	1	1
HG00642	PUR	AMR	2	6	2
HG00650	CHS	EAS	2	2	1
HG00651	CHS	EAS	2	2	1
HG00652	CHS	EAS	2	1	1
HG00653	CHS	EAS	2	4	2
HG00654	CHS	EAS	2	2	1
HG00655	CHS	EAS	2	1	2
HG00656	CHS	EAS	2	1	3
HG00657	CHS	EAS	2	1	4
HG00658	CHS	EAS	2	4	3
HG00662	CHS	EAS	2	1	1
HG00663	CHS	EAS	2	1	1
HG00664	CHS	EAS	2	1	1
HG00671	CHS	EAS	2	1	3
HG00672	CHS	EAS	2	1	1
HG00673	CHS	EAS	2	1	3
HG00683	CHS	EAS	2	1	1
HG00684	CHS	EAS	2	1	2
HG00685	CHS	EAS	2	2	1
HG00689	CHS	EAS	2	1	1
HG00690	CHS	EAS	2	1	1
HG00691	CHS	EAS	2	1	1
HG00692	CHS	EAS	2	1	4
HG00693	CHS	EAS	2	2	1
HG00694	CHS	EAS	2	1	4
HG00698	CHS	EAS	2	1	1
HG00699	CHS	EAS	2	1	4
HG00700	CHS	EAS	2	4	1
HG00701	CHS	EAS	2	1	1
HG00702	CHS	EAS	2	1	1
HG00703	CHS	EAS	2	1	1
HG00704	CHS	EAS	2	1	2
HG00705	CHS	EAS	2	2	1
HG00706	CHS	EAS	2	1	2
HG00707	CHS	EAS	2	2	4
HG00708	CHS	EAS	2	1	1
HG00709	CHS	EAS	2	1	4
HG00731	PUR	AMR	2	1	3
HG00732	PUR	AMR	2	3	3
HG00733	PUR	AMR	2	3	3
HG00734	PUR	AMR	2	2	1
HG00735	PUR	AMR	2	1	1
HG00736	PUR	AMR	2	3	1
HG00737	PUR	AMR	2	4	1
HG00738	PUR	AMR	2	1	1
HG00739	PUR	AMR	2	2	1
HG00740	PUR	AMR	2	1	4
HG00741	PUR	AMR	2	4	1
HG01047	PUR	AMR	2	3	1
HG01048	PUR	AMR	2	2	2
HG01049	PUR	AMR	2	2	1
HG01050	PUR	AMR	2	1	2
HG01051	PUR	AMR	2	3	1
HG01052	PUR	AMR	2	4	4
HG01053	PUR	AMR	2	4	1
HG01054	PUR	AMR	2	3	1
HG01055	PUR	AMR	2	2	1
HG01056	PUR	AMR	2	1	1
HG01060	PUR	AMR	2	4	1
HG01061	PUR	AMR	2	2	1
HG01062	PUR	AMR	2	1	1
HG01066	PUR	AMR	2	2	2
HG01067	PUR	AMR	2	4	3
HG01068	PUR	AMR	2	3	2
HG01069	PUR	AMR	2	2	1
HG01070	PUR	AMR	2	4	1
HG01071	PUR	AMR	2	1	1
HG01072	PUR	AMR	2	4	4
HG01073	PUR	AMR	2	1	1
HG01074	PUR	AMR	2	1	4
HG01075	PUR	AMR	2	1	1
HG01079	PUR	AMR	2	1	3
HG01080	PUR	AMR	2	1	1
HG01081	PUR	AMR	2	1	3
HG01082	PUR	AMR	2	3	7
HG01083	PUR	AMR	2	1	3
HG01084	PUR	AMR	2	3	7
HG01085	PUR	AMR	2	1	1
HG01086	PUR	AMR	2	2	3
HG01087	PUR	AMR	2	3	1
HG01094	PUR	AMR	2	4	4
HG01095	PUR	AMR	2	1	4
HG01096	PUR	AMR	2	4	4
HG01097	PUR	AMR	2	1	1
HG01098	PUR	AMR	2	7	4
HG01099	PUR	AMR	2	4	1
HG01100	PUR	AMR	2	6	1
HG01101	PUR	AMR	2	1	3
HG01102	PUR	AMR	2	1	1
HG01103	PUR	AMR	2	1	3
HG01104	PUR	AMR	2	3	1
HG01105	PUR	AMR	2	1	1
HG01106	PUR	AMR	2	1	1
HG01107	PUR	AMR	2	4	1
HG01108	PUR	AMR	2	2	1
HG01109	PUR	AMR	2	1	1
HG01110	PUR	AMR	2	6	4
HG01111	PUR	AMR	2	1	2
HG01112	CLM	AMR	2	1	3
HG01113	CLM	AMR	2	4	4
HG01114	CLM	AMR	2	4	3
HG01124	CLM	AMR	2	3	2
HG01125	CLM	AMR	2	1	1
HG01126	CLM	AMR	2	1	2
HG01133	CLM	AMR	2	1	1
HG01134	CLM	AMR	2	1	2
HG01135	CLM	AMR	2	2	1
HG01136	CLM	AMR	2	7	1
HG01137	CLM	AMR	2	3	1
HG01138	CLM	AMR	2	1	1
HG01139	CLM	AMR	2	1	4
HG01140	CLM	AMR	2	1	1
HG01141	CLM	AMR	2	1	4
HG01148	CLM	AMR	2	1	1
HG01149	CLM	AMR	2	1	2
HG01150	CLM	AMR	2	2	1
HG01167	PUR	AMR	2	3	4
HG01168	PUR	AMR	2	1	1
HG01169	PUR	AMR	2	1	4
HG01170	PUR	AMR	2	1	1
HG01171	PUR	AMR	2	3	1
HG01172	PUR	AMR	2	1	1
HG01173	PUR	AMR	2	1	1
HG01174	PUR	AMR	2	1	2
HG01175	PUR	AMR	2	2	1
HG01176	PUR	AMR	2	4	2
HG01177	PUR	AMR	2	2	1
HG01178	PUR	AMR	2	1	2
HG01182	PUR	AMR	2	4	2
HG01183	PUR	AMR	2	3	4
HG01184	PUR	AMR	2	4	2
HG01187	PUR	AMR	2	1	2
HG01188	PUR	AMR	2	1	3
HG01189	PUR	AMR	2	3	2
HG01190	PUR	AMR	2	2	3
HG01191	PUR	AMR	2	1	4
HG01192	PUR	AMR	2	4	3
HG01197	PUR	AMR	2	2	2
HG01198	PUR	AMR	2	1	3
HG01199	PUR	AMR	2	3	2
HG01204	PUR	AMR	2	1	4
HG01205	PUR	AMR	2	1	4
HG01206	PUR	AMR	2	4	4
HG01241	PUR	AMR	2	2	1
HG01242	PUR	AMR	2	2	4
HG01243	PUR	AMR	2	4	1
HG01247	PUR	AMR	2	4	1
HG01248	PUR	AMR	2	3	6
HG01249	PUR	AMR	2	2	4
HG01250	CLM	AMR	2	2	2
HG01251	CLM	AMR	2	2	1
HG01252	CLM	AMR	2	1	2
HG01253	CLM	AMR	2	4	1
HG01254	CLM	AMR	2	1	1
HG01255	CLM	AMR	2	1	1
HG01256	CLM	AMR	2	1	1
HG01257	CLM	AMR	2	1	1
HG01258	CLM	AMR	2	1	1
HG01259	CLM	AMR	2	4	1
HG01260	CLM	AMR	2	1	2
HG01261	CLM	AMR	2	2	1
HG01271	CLM	AMR	2	1	7
HG01272	CLM	AMR	2	4	1
HG01273	CLM	AMR	2	1	7
HG01274	CLM	AMR	2	1	1
HG01275	CLM	AMR	2	1	3
HG01276	CLM	AMR	2	3	1
HG01277	CLM	AMR	2	1	1
HG01278	CLM	AMR	2	2	1
HG01279	CLM	AMR	2	1	1
HG01341	CLM	AMR	2	1	3
HG01342	CLM	AMR	2	4	4
HG01343	CLM	AMR	2	4	3
HG01344	CLM	AMR	2	3	1
HG01345	CLM	AMR	2	1	4
HG01346	CLM	AMR	2	4	1
HG01347	CLM	AMR	2	1	1
HG01348	CLM	AMR	2	2	2
HG01349	CLM	AMR	2	2	1
HG01350	CLM	AMR	2	7	2
HG01351	CLM	AMR	2	1	1
HG01352	CLM	AMR	2	1	2
HG01353	CLM	AMR	2	4	1
HG01354	CLM	AMR	2	1	1
HG01355	CLM	AMR	2	1	1
HG01356	CLM	AMR	2	3	1
HG01357	CLM	AMR	2	3	1
HG01358	CLM	AMR	2	1	1
HG01359	CLM	AMR	2	3	1
HG01360	CLM	AMR	2	1	2
HG01361	CLM	AMR	2	2	1
HG01365	CLM	AMR	2	1	2
HG01366	CLM	AMR	2	4	4
HG01367	CLM	AMR	2	4	2
HG01374	CLM	AMR	2	1	3
HG01375	CLM	AMR	2	1	2
HG01376	CLM	AMR	2	2	3
HG01377	CLM	AMR	2	3	3
HG01378	CLM	AMR	2	1	3
HG01379	CLM	AMR	2	3	3
HG01383	CLM	AMR	2	1	2
HG01384	CLM	AMR	2	1	1
HG01385	CLM	AMR	2	1	2
HG01389	CLM	AMR	2	2	1
HG01390	CLM	AMR	2	1	8
HG01391	CLM	AMR	2	8	1
HG01431	CLM	AMR	2	1	1
HG01432	CLM	AMR	2	3	3
HG01433	CLM	AMR	2	3	1
HG01437	CLM	AMR	2	1	1
HG01438	CLM	AMR	2	1	3
HG01439	CLM	AMR	2	3	1
HG01455	CLM	AMR	2	2	4
HG01456	CLM	AMR	2	3	2
HG01457	CLM	AMR	2	2	4
HG01461	CLM	AMR	2	1	1
HG01462	CLM	AMR	2	1	1
HG01463	CLM	AMR	2	1	1
HG01464	CLM	AMR	2	1	1
HG01465	CLM	AMR	2	1	1
HG01466	CLM	AMR	2	1	1
HG01488	CLM	AMR	2	3	1
HG01489	CLM	AMR	2	1	4
HG01490	CLM	AMR	2	4	1
HG01491	CLM	AMR	2	1	2
HG01492	CLM	AMR	2	3	1
HG01493	CLM	AMR	2	1	2
HG01494	CLM	AMR	2	1	1
HG01495	CLM	AMR	2	1	1
HG01496	CLM	AMR	2	1	1
HG01497	CLM	AMR	2	2	2
HG01498	CLM	AMR	2	1	3
HG01499	CLM	AMR	2	3	2
HG01500	IBS	EUR	2	2	3
HG01501	IBS	EUR	2	2	4
HG01502	IBS	EUR	2	4	3
HG01503	IBS	EUR	2	4	1
HG01504	IBS	EUR	2	1	2
HG01505	IBS	EUR	2	2	1
HG01506	IBS	EUR	2	3	1
HG01507	IBS	EUR	2	4	1
HG01508	IBS	EUR	2	1	1
HG01509	IBS	EUR	2	3	4
HG01510	IBS	EUR	2	2	4
HG01511	IBS	EUR	2	4	4
HG01512	IBS	EUR	2	4	2
HG01513	IBS	EUR	2	1	1
HG01514	IBS	EUR	2	1	2
HG01515	IBS	EUR	2	3	4
HG01516	IBS	EUR	2	1	2
HG01517	IBS	EUR	2	2	4
HG01518	IBS	EUR	2	1	1
HG01519	IBS	EUR	2	1	3
HG01520	IBS	EUR	2	3	1
HG01521	IBS	EUR	2	1	4
HG01522	IBS	EUR	2	1	1
HG01523	IBS	EUR	2	1	4
HG01524	IBS	EUR	2	2	3
HG01525	IBS	EUR	2	1	1
HG01526	IBS	EUR	2	1	3
HG01527	IBS	EUR	2	2	1
HG01528	IBS	EUR	2	1	1
HG01529	IBS	EUR	2	1	1
HG01530	IBS	EUR	2	1	3
HG01531	IBS	EUR	2	3	2
HG01532	IBS	EUR	2	2	3
HG01536	IBS	EUR	2	7	4
HG01537	IBS	EUR	2	3	1
HG01538	IBS	EUR	2	1	4
HG01550	CLM	AMR	2	2	1
HG01551	CLM	AMR	2	4	2
HG01552	CLM	AMR	2	2	1
HG01565	PEL	AMR	2	3	1
HG01566	PEL	AMR	2	4	1
HG01567	PEL	AMR	2	1	1
HG01571	PEL	AMR	2	1	4
HG01572	PEL	AMR	2	1	4
HG01573	PEL	AMR	2	4	4
HG01577	PEL	AMR	2	1	1
HG01578	PEL	AMR	2	1	2
HG01579	PEL	AMR	2	2	1
HG01601	IBS	EUR	2	3	3
HG01602	IBS	EUR	2	1	3
HG01603	IBS	EUR	2	3	3
HG01604	IBS	EUR	2	2	2
HG01605	IBS	EUR	2	1	2
HG01606	IBS	EUR	2	1	2
HG01607	IBS	EUR	2	1	1
HG01608	IBS	EUR	2	4	1
HG01609	IBS	EUR	2	1	1
HG01610	IBS	EUR	2	4	3
HG01611	IBS	EUR	2	4	3
HG01612	IBS	EUR	2	2	4
HG01613	IBS	EUR	2	4	3
HG01614	IBS	EUR	2	3	4
HG01615	IBS	EUR	2	4	4
HG01616	IBS	EUR	2	1	1
HG01617	IBS	EUR	2	1	1
HG01618	IBS	EUR	2	1	1
HG01619	IBS	EUR	2	1	3
HG01620	IBS	EUR	2	4	1
HG01621	IBS	EUR	2	1	3
HG01622	IBS	EUR	2	4	4
HG01623	IBS	EUR	2	3	4
HG01624	IBS	EUR	2	4	4
HG01625	IBS	EUR	2	3	1
HG01626	IBS	EUR	2	1	3
HG01627	IBS	EUR	2	3	1
HG01628	IBS	EUR	2	1	1
HG01629	IBS	EUR	2	1	2
HG01630	IBS	EUR	2	3	2
HG01631	IBS	EUR	2	2	1
HG01632	IBS	EUR	2	4	2
HG01633	IBS	EUR	2	2	1
HG01667	IBS	EUR	2	1	2
HG01668	IBS	EUR	2	1	1
HG01669	IBS	EUR	2	3	2
HG01670	IBS	EUR	2	1	4
HG01671	IBS	EUR	2	4	1
HG01672	IBS	EUR	2	3	1
HG01673	IBS	EUR	2	4	2
HG01674	IBS	EUR	2	2	4
HG01675	IBS	EUR	2	3	4
HG01676	IBS	EUR	2	4	4
HG01677	IBS	EUR	2	4	4
HG01678	IBS	EUR	2	1	4
HG01679	IBS	EUR	2	1	3
HG01680	IBS	EUR	2	4	4
HG01681	IBS	EUR	2	3	4
HG01682	IBS	EUR	2	1	1
HG01683	IBS	EUR	2	2	1
HG01684	IBS	EUR	2	1	2
HG01685	IBS	EUR	2	1	2
HG01686	IBS	EUR	2	1	2
HG01687	IBS	EUR	2	2	2
HG01694	IBS	EUR	2	2	4
HG01695	IBS	EUR	2	2	2
HG01696	IBS	EUR	2	2	4
HG01697	IBS	EUR	2	1	1
HG01698	IBS	EUR	2	1	3
HG01699	IBS	EUR	2	3	3
HG01700	IBS	EUR	2	2	4
HG01701	IBS	EUR	2	2	4
HG01702	IBS	EUR	2	4	2
HG01703	IBS	EUR	2	3	1
HG01704	IBS	EUR	2	2	3
HG01705	IBS	EUR	2	2	1
HG01706	IBS	EUR	2	3	1
HG01707	IBS	EUR	2	4	3
HG01708	IBS	EUR	2	1	1
HG01709	IBS	EUR	2	2	1
HG01710	IBS	EUR	2	2	4
HG01711	IBS	EUR	2	4	1
HG01746	IBS	EUR	2	4	2
HG01747	IBS	EUR	2	1	3
HG01748	IBS	EUR	2	2	3
HG01755	IBS	EUR	2	1	2
HG01756	IBS	EUR	2	1	2
HG01757	IBS	EUR	2	3	1
HG01761	IBS	EUR	2	1	1
HG01762	IBS	EUR	2	3	4
HG01763	IBS	EUR	2	4	1
HG01770	IBS	EUR	2	2	1
HG01771	IBS	EUR	2	3	1
HG01772	IBS	EUR	2	1	1
HG01773	IBS	EUR	2	1	1
HG01774	IBS	EUR	2	1	1
HG01775	IBS	EUR	2	2	1
HG01776	IBS	EUR	2	1	1
HG01777	IBS	EUR	2	3	1
HG01778	IBS	EUR	2	1	1
HG01779	IBS	EUR	2	4	1
HG01780	IBS	EUR	2	1	1
HG01781	IBS	EUR	2	2	1
HG01782	IBS	EUR	2	4	1
HG01783	IBS	EUR	2	1	1
HG01784	IBS	EUR	2	4	4
HG01879	ACB	AFR	2	9	1
HG01880	ACB	AFR	2	2	1
HG01881	ACB	AFR	2	1	1
HG01882	ACB	AFR	2	2	4
HG01883	ACB	AFR	2	6	1
HG01884	ACB	AFR	2	1	8
HG01885	ACB	AFR	2	4	8
HG01886	ACB	AFR	2	1	2
HG01887	ACB	AFR	2	2	1
HG01888	ACB	AFR	2	1	4
HG01889	ACB	AFR	2	2	4
HG01890	ACB	AFR	2	4	1
HG01891	ACB	AFR	2	4	1
HG01892	PEL	AMR	2	4	1
HG01893	PEL	AMR	2	1	1
HG01894	ACB	AFR	2	2	2
HG01895	ACB	AFR	2	2	1
HG01896	ACB	AFR	2	2	8
HG01897	ACB	AFR	2	8	2
HG01898	PEL	AMR	2	1	1
HG01912	ACB	AFR	2	2	1
HG01914	ACB	AFR	2	4	2
HG01915	ACB	AFR	2	2	1
HG01916	ACB	AFR	2	1	2
HG01917	PEL	AMR	2	1	1
HG01918	PEL	AMR	2	3	3
HG01919	PEL	AMR	2	3	1
HG01920	PEL	AMR	2	1	2
HG01921	PEL	AMR	2	1	1
HG01922	PEL	AMR	2	1	2
HG01923	PEL	AMR	2	1	1
HG01924	PEL	AMR	2	2	1
HG01925	PEL	AMR	2	1	1
HG01926	PEL	AMR	2	1	4
HG01927	PEL	AMR	2	1	1
HG01928	PEL	AMR	2	1	4
HG01932	PEL	AMR	2	1	1
HG01933	PEL	AMR	2	3	4
HG01934	PEL	AMR	2	4	1
HG01935	PEL	AMR	2	1	1
HG01936	PEL	AMR	2	4	1
HG01937	PEL	AMR	2	1	1
HG01938	PEL	AMR	2	1	3
HG01939	PEL	AMR	2	2	4
HG01940	PEL	AMR	2	4	3
HG01941	PEL	AMR	2	4	1
HG01942	PEL	AMR	2	1	3
HG01943	PEL	AMR	2	3	1
HG01944	PEL	AMR	2	2	1
HG01945	PEL	AMR	2	4	4
HG01946	PEL	AMR	2	4	1
HG01947	PEL	AMR	2	1	1
HG01948	PEL	AMR	2	1	2
HG01949	PEL	AMR	2	2	1
HG01950	PEL	AMR	2	1	1
HG01951	PEL	AMR	2	1	4
HG01952	PEL	AMR	2	4	1
HG01953	PEL	AMR	2	1	1
HG01954	PEL	AMR	2	3	1
HG01955	PEL	AMR	2	1	1
HG01956	ACB	AFR	2	4	1
HG01958	ACB	AFR	2	2	4
HG01959	ACB	AFR	2	4	4
HG01960	ACB	AFR	2	4	2
HG01967	PEL	AMR	2	1	2
HG01968	PEL	AMR	2	1	4
HG01969	PEL	AMR	2	4	2
HG01970	PEL	AMR	2	1	1
HG01971	PEL	AMR	2	1	1
HG01972	PEL	AMR	2	1	1
HG01973	PEL	AMR	2	1	1
HG01974	PEL	AMR	2	1	1
HG01975	PEL	AMR	2	1	1
HG01976	PEL	AMR	2	1	1
HG01977	PEL	AMR	2	1	1
HG01978	PEL	AMR	2	1	1
HG01979	PEL	AMR	2	2	1
HG01980	PEL	AMR	2	1	1
HG01981	PEL	AMR	2	1	1
HG01982	PEL	AMR	2	1	4
HG01983	PEL	AMR	2	1	1
HG01984	PEL	AMR	2	1	4
HG01986	ACB	AFR	2	4	4
HG01987	ACB	AFR	2	2	4
HG01988	ACB	AFR	2	1	2
HG01989	ACB	AFR	2	1	4
HG01990	ACB	AFR	2	1	4
HG01991	PEL	AMR	2	1	1
HG01992	PEL	AMR	2	1	1
HG01993	PEL	AMR	2	1	1
HG01997	PEL	AMR	2	1	1
HG01998	PEL	AMR	2	1	3
HG02002	PEL	AMR	2	4	1
HG02003	PEL	AMR	2	1	1
HG02004	PEL	AMR	2	1	1
HG02008	PEL	AMR	2	1	3
HG02009	ACB	AFR	2	2	6
HG02010	ACB	AFR	2	2	1
HG02011	ACB	AFR	2	1	6
HG02012	ACB	AFR	2	2	2
HG02013	ACB	AFR	2	1	2
HG02014	ACB	AFR	2	1	1
HG02015	KHV	EAS	2	1	1
HG02016	KHV	EAS	2	2	1
HG02017	KHV	EAS	2	1	1
HG02018	KHV	EAS	2	2	2
HG02019	KHV	EAS	2	1	2
HG02020	KHV	EAS	2	2	2
HG02024	KHV	EAS	2	2	1
HG02025	KHV	EAS	2	4	2
HG02026	KHV	EAS	2	1	1
HG02027	KHV	EAS	2	3	1
HG02028	KHV	EAS	2	1	3
HG02029	KHV	EAS	2	1	1
HG02030	KHV	EAS	2	1	1
HG02031	KHV	EAS	2	2	1
HG02032	KHV	EAS	2	2	1
HG02053	ACB	AFR	2	6	4
HG02054	ACB	AFR	2	6	2
HG02055	ACB	AFR	2	2	4
HG02056	KHV	EAS	2	1	2
HG02057	KHV	EAS	2	3	1
HG02058	KHV	EAS	2	2	2
HG02059	KHV	EAS	2	1	2
HG02060	KHV	EAS	2	2	1
HG02061	KHV	EAS	2	3	2
HG02068	KHV	EAS	2	1	1
HG02069	KHV	EAS	2	1	1
HG02070	KHV	EAS	2	1	1
HG02071	KHV	EAS	2	2	1
HG02072	KHV	EAS	2	2	2
HG02073	KHV	EAS	2	1	1
HG02074	KHV	EAS	2	1	1
HG02075	KHV	EAS	2	2	1
HG02076	KHV	EAS	2	1	1
HG02077	KHV	EAS	2	2	2
HG02078	KHV	EAS	2	4	2
HG02079	KHV	EAS	2	1	2
HG02080	KHV	EAS	2	1	1
HG02081	KHV	EAS	2	1	1
HG02082	KHV	EAS	2	1	1
HG02083	KHV	EAS	2	1	1
HG02084	KHV	EAS	2	2	1
HG02085	KHV	EAS	2	1	1
HG02089	PEL	AMR	2	3	4
HG02090	PEL	AMR	2	1	2
HG02091	PEL	AMR	2	4	2
HG02104	PEL	AMR	2	1	1
HG02105	PEL	AMR	2	4	1
HG02106	PEL	AMR	2	1	1
HG02120	KHV	EAS	2	3	1
HG02121	KHV	EAS	2	4	3
HG02122	KHV	EAS	2	2	1
HG02126	KHV	EAS	2	1	2
HG02127	KHV	EAS	2	4	1
HG02128	KHV	EAS	2	2	2
HG02129	KHV	EAS	2	1	2
HG02130	KHV	EAS	2	4	1
HG02131	KHV	EAS	2	1	2
HG02132	KHV	EAS	2	3	2
HG02133	KHV	EAS	2	1	3
HG02134	KHV	EAS	2	1	2
HG02135	KHV	EAS	2	1	1
HG02136	KHV	EAS	2	1	1
HG02137	KHV	EAS	2	1	1
HG02143	ACB	AFR	2	6	8
HG02144	ACB	AFR	2	1	1
HG02145	ACB	AFR	2	1	8
HG02146	PEL	AMR	2	1	1
HG02147	PEL	AMR	2	1	1
HG02148	PEL	AMR	2	1	1
HG02220	IBS	EUR	2	4	1
HG02221	IBS	EUR	2	2	1
HG02222	IBS	EUR	2	1	1
HG02223	IBS	EUR	2	1	1
HG02224	IBS	EUR	2	2	2
HG02225	IBS	EUR	2	1	2
HG02229	IBS	EUR	2	1	4
HG02230	IBS	EUR	2	1	1
HG02231	IBS	EUR	2	4	4
HG02232	IBS	EUR	2	2	1
HG02233	IBS	EUR	2	2	1
HG02234	IBS	EUR	2	1	1
HG02235	IBS	EUR	2	1	1
HG02236	IBS	EUR	2	6	1
HG02237	IBS	EUR	2	1	1
HG02238	IBS	EUR	2	4	4
HG02239	IBS	EUR	2	1	1
HG02240	IBS	EUR	2	1	4
HG02255	ACB	AFR	2	2	1
HG02256	ACB	AFR	2	3	4
HG02257	ACB	AFR	2	4	1
HG02258	ACB	AFR	2	2	4
HG02259	PEL	AMR	2	1	2
HG02260	PEL	AMR	2	1	4
HG02261	PEL	AMR	2	4	2
HG02271	PEL	AMR	2	1	1
HG02272	PEL	AMR	2	1	3
HG02273	PEL	AMR	2	3	1
HG02277	PEL	AMR	2	2	1
HG02278	PEL	AMR	2	1	1
HG02279	PEL	AMR	2	1	1
HG02280	ACB	AFR	2	2	4
HG02281	ACB	AFR	2	4	1
HG02282	ACB	AFR	2	1	2
HG02285	PEL	AMR	2	1	1
HG02286	PEL	AMR	2	1	1
HG02287	PEL	AMR	2	1	1
HG02291	PEL	AMR	2	1	1
HG02292	PEL	AMR	2	1	1
HG02293	PEL	AMR	2	1	1
HG02298	PEL	AMR	2	8	3
HG02299	PEL	AMR	2	1	2
HG02300	PEL	AMR	2	3	2
HG02301	PEL	AMR	2	1	1
HG02302	PEL	AMR	2	1	8
HG02303	PEL	AMR	2	1	8
HG02307	ACB	AFR	2	4	4
HG02308	ACB	AFR	2	2	2
HG02314	ACB	AFR	2	4	4
HG02315	ACB	AFR	2	2	2
HG02316	ACB	AFR	2	1	2
HG02317	ACB	AFR	2	4	2
HG02318	ACB	AFR	2	8	1
HG02321	ACB	AFR	2	2	1
HG02449	ACB	AFR	2	2	1
HG02450	ACB	AFR	2	4	1
HG02451	ACB	AFR	2	1	1
HG02461	GWD	AFR	2	10	1
HG02462	GWD	AFR	2	4	1
HG02463	GWD	AFR	2	1	1
HG02464	GWD	AFR	2	4	2
HG02465	GWD	AFR	2	2	4
HG02466	GWD	AFR	2	4	2
HG02490	PJL	SAS	2	2	2
HG02491	PJL	SAS	2	4	4
HG02492	PJL	SAS	2	4	2
HG02493	PJL	SAS	2	3	2
HG02494	PJL	SAS	2	1	1
HG02495	PJL	SAS	2	1	2
HG02512	KHV	EAS	2	1	2
HG02513	KHV	EAS	2	3	1
HG02514	KHV	EAS	2	1	2
HG02521	KHV	EAS	2	1	1
HG02522	KHV	EAS	2	1	1
HG02523	KHV	EAS	2	1	1
HG02524	KHV	EAS	2	3	2
HG02525	KHV	EAS	2	1	1
HG02526	KHV	EAS	2	1	2
HG02561	GWD	AFR	2	2	4
HG02562	GWD	AFR	2	2	4
HG02563	GWD	AFR	2	4	4
HG02568	GWD	AFR	2	1	4
HG02569	GWD	AFR	2	4	4
HG02570	GWD	AFR	2	4	4
HG02571	GWD	AFR	2	2	4
HG02572	GWD	AFR	2	4	4
HG02573	GWD	AFR	2	2	1
HG02574	GWD	AFR	2	11	2
HG02575	GWD	AFR	2	2	1
HG02582	GWD	AFR	2	2	1
HG02583	GWD	AFR	2	1	4
HG02584	GWD	AFR	2	4	1
HG02585	GWD	AFR	2	8	1
HG02586	GWD	AFR	2	4	4
HG02587	GWD	AFR	2	4	1
HG02588	GWD	AFR	2	2	2
HG02589	GWD	AFR	2	2	1
HG02590	GWD	AFR	2	1	2
HG02594	GWD	AFR	2	8	1
HG02595	GWD	AFR	2	2	4
HG02596	GWD	AFR	2	4	1
HG02600	PJL	SAS	2	4	2
HG02601	PJL	SAS	2	2	7
HG02602	PJL	SAS	2	7	2
HG02603	PJL	SAS	2	2	2
HG02604	PJL	SAS	2	3	3
HG02605	PJL	SAS	2	3	2
HG02610	GWD	AFR	2	1	4
HG02611	GWD	AFR	2	1	6
HG02612	GWD	AFR	2	6	4
HG02613	GWD	AFR	2	4	1
HG02614	GWD	AFR	2	4	1
HG02615	GWD	AFR	2	1	1
HG02620	GWD	AFR	2	2	4
HG02621	GWD	AFR	2	2	1
HG02622	GWD	AFR	2	1	4
HG02623	GWD	AFR	2	4	6
HG02624	GWD	AFR	2	4	1
HG02625	GWD	AFR	2	1	6
HG02628	GWD	AFR	2	1	1
HG02629	GWD	AFR	2	4	2
HG02630	GWD	AFR	2	2	1
HG02634	GWD	AFR	2	2	2
HG02635	GWD	AFR	2	4	4
HG02636	GWD	AFR	2	4	2
HG02642	GWD	AFR	2	1	4
HG02643	GWD	AFR	2	1	1
HG02644	GWD	AFR	2	1	4
HG02645	GWD	AFR	2	2	1
HG02646	GWD	AFR	2	4	4
HG02647	GWD	AFR	2	4	1
HG02648	PJL	SAS	2	1	1
HG02649	PJL	SAS	2	1	3
HG02650	PJL	SAS	2	3	1
HG02651	PJL	SAS	2	1	1
HG02652	PJL	SAS	2	1	3
HG02653	PJL	SAS	2	3	1
HG02654	PJL	SAS	2	1	1
HG02655	PJL	SAS	2	1	1
HG02656	PJL	SAS	2	1	1
HG02657	PJL	SAS	2	2	2
HG02658	PJL	SAS	2	4	4
HG02659	PJL	SAS	2	4	2
HG02660	PJL	SAS	2	1	3
HG02661	PJL	SAS	2	3	2
HG02662	PJL	SAS	2	2	3
HG02666	GWD	AFR	2	4	2
HG02667	GWD	AFR	2	2	1
HG02668	GWD	AFR	2	1	2
HG02675	GWD	AFR	2	4	4
HG02676	GWD	AFR	2	4	6
HG02677	GWD	AFR	2	6	4
HG02678	GWD	AFR	2	1	4
HG02679	GWD	AFR	2	6	11
HG02680	GWD	AFR	2	11	4
HG02681	PJL	SAS	2	4	3
HG02682	PJL	SAS	2	4	4
HG02683	PJL	SAS	2	4	3
HG02684	PJL	SAS	2	1	4
HG02685	PJL	SAS	2	4	2
HG02686	PJL	SAS	2	2	4
HG02687	PJL	SAS	2	2	1
HG02688	PJL	SAS	2	3	3
HG02689	PJL	SAS	2	3	1
HG02690	PJL	SAS	2	3	1
HG02691	PJL	SAS	2	2	1
HG02692	PJL	SAS	2	1	1
HG02696	PJL	SAS	2	4	1
HG02697	PJL	SAS	2	4	1
HG02698	PJL	SAS	2	1	1
HG02699	PJL	SAS	2	2	3
HG02700	PJL	SAS	2	3	1
HG02701	PJL	SAS	2	1	3
HG02702	GWD	AFR	2	1	2
HG02703	GWD	AFR	2	2	8
HG02704	GWD	AFR	2	8	2
HG02715	GWD	AFR	2	2	2
HG02716	GWD	AFR	2	2	1
HG02717	GWD	AFR	2	1	2
HG02721	GWD	AFR	2	2	4
HG02722	GWD	AFR	2	4	7
HG02723	GWD	AFR	2	7	4
HG02724	PJL	SAS	2	3	2
HG02725	PJL	SAS	2	1	3
HG02726	PJL	SAS	2	3	2
HG02727	PJL	SAS	2	1	4
HG02728	PJL	SAS	2	3	1
HG02729	PJL	SAS	2	1	4
HG02733	PJL	SAS	2	1	2
HG02734	PJL	SAS	2	1	3
HG02735	PJL	SAS	2	3	2
HG02736	PJL	SAS	2	2	2
HG02737	PJL	SAS	2	2	1
HG02738	PJL	SAS	2	1	2
HG02759	GWD	AFR	2	2	2
HG02760	GWD	AFR	2	1	8
HG02761	GWD	AFR	2	8	2
HG02762	GWD	AFR	2	4	1
HG02763	GWD	AFR	2	4	4
HG02764	GWD	AFR	2	4	1
HG02768	GWD	AFR	2	6	2
HG02769	GWD	AFR	2	1	4
HG02770	GWD	AFR	2	4	2
HG02771	GWD	AFR	2	4	4
HG02772	GWD	AFR	2	1	1
HG02773	GWD	AFR	2	1	4
HG02774	PJL	SAS	2	1	3
HG02775	PJL	SAS	2	3	2
HG02776	PJL	SAS	2	2	3
HG02783	PJL	SAS	2	1	1
HG02784	PJL	SAS	2	2	3
HG02785	PJL	SAS	2	3	1
HG02786	PJL	SAS	2	2	2
HG02787	PJL	SAS	2	3	2
HG02788	PJL	SAS	2	2	2
HG02789	PJL	SAS	2	2	4
HG02790	PJL	SAS	2	1	1
HG02791	PJL	SAS	2	1	4
HG02792	PJL	SAS	2	1	2
HG02793	PJL	SAS	2	2	7
HG02794	PJL	SAS	2	7	2
HG02798	GWD	AFR	2	2	4
HG02799	GWD	AFR	2	6	1
HG02800	GWD	AFR	2	1	4
HG02804	GWD	AFR	2	4	9
HG02805	GWD	AFR	2	4	2
HG02806	GWD	AFR	2	2	9
HG02807	GWD	AFR	2	1	4
HG02808	GWD	AFR	2	1	2
HG02809	GWD	AFR	2	2	4
HG02810	GWD	AFR	2	4	1
HG02811	GWD	AFR	2	4	2
HG02812	GWD	AFR	2	2	1
HG02813	GWD	AFR	2	2	4
HG02814	GWD	AFR	2	2	12
HG02815	GWD	AFR	2	12	4
HG02816	GWD	AFR	2	4	4
HG02817	GWD	AFR	2	6	4
HG02818	GWD	AFR	2	4	4
HG02819	GWD	AFR	2	2	13
HG02820	GWD	AFR	2	1	2
HG02821	GWD	AFR	2	2	13
HG02836	GWD	AFR	2	6	4
HG02837	GWD	AFR	2	2	4
HG02838	GWD	AFR	2	4	4
HG02839	GWD	AFR	2	2	1
HG02840	GWD	AFR	2	1	1
HG02841	GWD	AFR	2	1	1
HG02851	GWD	AFR	2	2	10
HG02852	GWD	AFR	2	2	1
HG02853	GWD	AFR	2	1	10
HG02854	GWD	AFR	2	1	1
HG02855	GWD	AFR	2	2	6
HG02856	GWD	AFR	2	6	1
HG02860	GWD	AFR	2	2	8
HG02861	GWD	AFR	2	2	2
HG02862	GWD	AFR	2	2	8
HG02869	GWD	AFR	2	4	2
HG02870	GWD	AFR	2	4	4
HG02871	GWD	AFR	2	4	2
HG02878	GWD	AFR	2	4	8
HG02879	GWD	AFR	2	2	4
HG02880	GWD	AFR	2	4	8
HG02881	GWD	AFR	2	1	2
HG02882	GWD	AFR	2	4	4
HG02883	GWD	AFR	2	4	2
HG02884	GWD	AFR	2	4	1
HG02885	GWD	AFR	2	2	2
HG02886	GWD	AFR	2	2	1
HG02887	GWD	AFR	2	4	4
HG02888	GWD	AFR	2	4	2
HG02889	GWD	AFR	2	2	4
HG02890	GWD	AFR	2	6	1
HG02891	GWD	AFR	2	4	1
HG02892	GWD	AFR	2	1	1
HG02895	GWD	AFR	2	4	1
HG02896	GWD	AFR	2	2	6
HG02897	GWD	AFR	2	6	1
HG02922	ESN	AFR	2	2	2
HG02923	ESN	AFR	2	2	4
HG02924	ESN	AFR	2	2	4
HG02943	ESN	AFR	2	4	2
HG02944	ESN	AFR	2	1	8
HG02945	ESN	AFR	2	2	8
HG02946	ESN	AFR	2	6	8
HG02947	ESN	AFR	2	8	6
HG02948	ESN	AFR	2	8	6
HG02952	ESN	AFR	2	2	1
HG02953	ESN	AFR	2	4	2
HG02954	ESN	AFR	2	1	2
HG02964	ESN	AFR	2	2	2
HG02965	ESN	AFR	2	4	1
HG02966	ESN	AFR	2	2	1
HG02970	ESN	AFR	2	4	4
HG02971	ESN	AFR	2	1	4
HG02972	ESN	AFR	2	4	4
HG02973	ESN	AFR	2	13	4
HG02974	ESN	AFR	2	4	13
HG02975	ESN	AFR	2	13	4
HG02976	ESN	AFR	2	1	2
HG02977	ESN	AFR	2	8	2
HG02978	ESN	AFR	2	2	2
HG02979	ESN	AFR	2	8	2
HG02980	ESN	AFR	2	2	2
HG02981	ESN	AFR	2	2	2
HG02982	GWD	AFR	2	4	4
HG02983	GWD	AFR	2	8	2
HG02984	GWD	AFR	2	2	4
HG03006	BEB	SAS	2	1	3
HG03007	BEB	SAS	2	2	1
HG03008	BEB	SAS	2	1	3
HG03015	PJL	SAS	2	1	4
HG03016	PJL	SAS	2	2	3
HG03017	PJL	SAS	2	3	4
HG03024	GWD	AFR	2	2	6
HG03025	GWD	AFR	2	4	2
HG03026	GWD	AFR	2	2	6
HG03027	GWD	AFR	2	1	4
HG03028	GWD	AFR	2	2	2
HG03029	GWD	AFR	2	2	4
HG03033	GWD	AFR	2	4	4
HG03034	GWD	AFR	2	1	2
HG03035	GWD	AFR	2	2	4
HG03039	GWD	AFR	2	4	2
HG03040	GWD	AFR	2	1	10
HG03041	GWD	AFR	2	10	2
HG03045	GWD	AFR	2	4	2
HG03046	GWD	AFR	2	4	2
HG03047	GWD	AFR	2	2	2
HG03048	GWD	AFR	2	1	4
HG03049	GWD	AFR	2	2	4
HG03050	GWD	AFR	2	4	4
HG03054	MSL	AFR	2	4	4
HG03055	MSL	AFR	2	4	8
HG03056	MSL	AFR	2	8	4
HG03063	MSL	AFR	2	8	13
HG03064	MSL	AFR	2	13	1
HG03065	MSL	AFR	2	1	13
HG03096	MSL	AFR	2	10	4
HG03097	MSL	AFR	2	4	4
HG03098	MSL	AFR	2	4	4
HG03099	ESN	AFR	2	4	2
HG03100	ESN	AFR	2	2	1
HG03101	ESN	AFR	2	2	1
HG03108	ESN	AFR	2	4	2
HG03109	ESN	AFR	2	4	2
HG03110	ESN	AFR	2	2	2
HG03111	ESN	AFR	2	4	2
HG03112	ESN	AFR	2	4	8
HG03113	ESN	AFR	2	2	8
HG03114	ESN	AFR	2	2	4
HG03115	ESN	AFR	2	4	14
HG03116	ESN	AFR	2	4	14
HG03117	ESN	AFR	2	4	2
HG03118	ESN	AFR	2	1	4
HG03119	ESN	AFR	2	2	4
HG03120	ESN	AFR	2	1	4
HG03121	ESN	AFR	2	1	2
HG03122	ESN	AFR	2	2	4
HG03123	ESN	AFR	2	4	2
HG03124	ESN	AFR	2	4	2
HG03125	ESN	AFR	2	2	2
HG03126	ESN	AFR	2	2	4
HG03127	ESN	AFR	2	2	4
HG03128	ESN	AFR	2	4	4
HG03129	ESN	AFR	2	2	2
HG03130	ESN	AFR	2	2	6
HG03131	ESN	AFR	2	2	6
HG03132	ESN	AFR	2	2	1
HG03133	ESN	AFR	2	14	2
HG03134	ESN	AFR	2	1	2
HG03135	ESN	AFR	2	1	4
HG03136	ESN	AFR	2	4	4
HG03137	ESN	AFR	2	4	4
HG03159	ESN	AFR	2	1	4
HG03160	ESN	AFR	2	8	1
HG03161	ESN	AFR	2	4	1
HG03162	ESN	AFR	2	12	2
HG03163	ESN	AFR	2	4	4
HG03164	ESN	AFR	2	2	4
HG03168	ESN	AFR	2	4	10
HG03169	ESN	AFR	2	2	1
HG03170	ESN	AFR	2	10	1
HG03189	ESN	AFR	2	1	1
HG03190	ESN	AFR	2	2	2
HG03191	ESN	AFR	2	1	2
HG03195	ESN	AFR	2	1	1
HG03196	ESN	AFR	2	1	4
HG03197	ESN	AFR	2	1	4
HG03198	ESN	AFR	2	8	4
HG03199	ESN	AFR	2	4	14
HG03200	ESN	AFR	2	4	14
HG03228	PJL	SAS	2	1	4
HG03229	PJL	SAS	2	1	1
HG03230	PJL	SAS	2	1	4
HG03234	PJL	SAS	2	4	3
HG03235	PJL	SAS	2	2	3
HG03236	PJL	SAS	2	3	3
HG03237	PJL	SAS	2	4	1
HG03238	PJL	SAS	2	3	2
HG03239	PJL	SAS	2	2	1
HG03240	GWD	AFR	2	4	4
HG03241	GWD	AFR	2	4	1
HG03242	GWD	AFR	2	1	4
HG03246	GWD	AFR	2	2	2
HG03247	GWD	AFR	2	4	4
HG03248	GWD	AFR	2	4	2
HG03249	GWD	AFR	2	4	4
HG03250	GWD	AFR	2	1	4
HG03251	GWD	AFR	2	4	4
HG03258	GWD	AFR	2	4	4
HG03259	GWD	AFR	2	2	2
HG03260	GWD	AFR	2	2	4
HG03267	ESN	AFR	2	2	1
HG03268	ESN	AFR	2	2	1
HG03269	ESN	AFR	2	1	1
HG03270	ESN	AFR	2	4	2
HG03271	ESN	AFR	2	14	1
HG03272	ESN	AFR	2	2	1
HG03294	ESN	AFR	2	2	4
HG03295	ESN	AFR	2	8	1
HG03296	ESN	AFR	2	4	1
HG03297	ESN	AFR	2	2	1
HG03298	ESN	AFR	2	1	4
HG03299	ESN	AFR	2	1	4
HG03300	ESN	AFR	2	4	14
HG03301	ESN	AFR	2	1	2
HG03302	ESN	AFR	2	14	2
HG03303	ESN	AFR	2	14	2
HG03304	ESN	AFR	2	8	1
HG03305	ESN	AFR	2	2	1
HG03306	ESN	AFR	2	2	1
HG03307	ESN	AFR	2	2	8
HG03308	ESN	AFR	2	1	8
HG03309	ESN	AFR	2	2	6
HG03310	ESN	AFR	2	6	2
HG03311	ESN	AFR	2	2	2
HG03312	ESN	AFR	2	1	8
HG03313	ESN	AFR	2	8	2
HG03314	ESN	AFR	2	8	2
HG03342	ESN	AFR	2	10	4
HG03343	ESN	AFR	2	2	4
HG03344	ESN	AFR	2	4	4
HG03350	ESN	AFR	2	2	14
HG03351	ESN	AFR	2	1	2
HG03352	ESN	AFR	2	2	14
HG03366	ESN	AFR	2	10	1
HG03367	ESN	AFR	2	13	14
HG03368	ESN	AFR	2	1	14
HG03369	ESN	AFR	2	4	4
HG03370	ESN	AFR	2	4	1
HG03371	ESN	AFR	2	4	1
HG03372	ESN	AFR	2	4	1
HG03373	ESN	AFR	2	4	8
HG03374	ESN	AFR	2	1	8
HG03438	MSL	AFR	2	2	4
HG03451	MSL	AFR	2	1	4
HG03452	MSL	AFR	2	4	4
HG03453	MSL	AFR	2	4	4
HG03454	MSL	AFR	2	4	1
HG03455	MSL	AFR	2	2	4
HG03456	MSL	AFR	2	4	1
HG03469	MSL	AFR	2	4	4
HG03470	MSL	AFR	2	14	2
HG03478	MSL	AFR	2	14	4
HG03479	MSL	AFR	2	6	4
HG03480	MSL	AFR	2	4	4
HG03484	MSL	AFR	2	4	4
HG03485	MSL	AFR	2	4	4
HG03486	MSL	AFR	2	4	4
HG03487	PJL	SAS	2	4	4
HG03488	PJL	SAS	2	1	1
HG03489	PJL	SAS	2	1	4
HG03490	PJL	SAS	2	1	1
HG03491	PJL	SAS	2	1	3
HG03492	PJL	SAS	2	3	1
HG03514	ESN	AFR	2	4	2
HG03515	ESN	AFR	2	8	2
HG03516	ESN	AFR	2	2	2
HG03517	ESN	AFR	2	1	1
HG03518	ESN	AFR	2	2	2
HG03519	ESN	AFR	2	1	2
HG03520	ESN	AFR	2	1	1
HG03521	ESN	AFR	2	2	2
HG03522	ESN	AFR	2	1	2
HG03538	GWD	AFR	2	2	8
HG03539	GWD	AFR	2	2	4
HG03540	GWD	AFR	2	4	8
HG03574	MSL	AFR	2	8	4
HG03575	MSL	AFR	2	4	6
HG03576	MSL	AFR	2	6	4
HG03577	MSL	AFR	2	14	4
HG03578	MSL	AFR	2	2	4
HG03579	MSL	AFR	2	4	4
HG03582	MSL	AFR	2	4	4
HG03583	MSL	AFR	2	2	4
HG03584	MSL	AFR	2	4	4
HG03594	BEB	SAS	2	3	2
HG03595	BEB	SAS	2	1	2
HG03596	BEB	SAS	2	2	2
HG03605	BEB	SAS	2	1	2
HG03606	BEB	SAS	2	1	2
HG03607	BEB	SAS	2	1	1
HG03615	BEB	SAS	2	4	2
HG03616	BEB	SAS	2	3	1
HG03617	BEB	SAS	2	1	2
HG03618	PJL	SAS	2	4	1
HG03619	PJL	SAS	2	3	2
HG03620	PJL	SAS	2	2	1
HG03624	PJL	SAS	2	3	2
HG03625	PJL	SAS	2	3	3
HG03626	PJL	SAS	2	3	2
HG03633	PJL	SAS	2	1	2
HG03634	PJL	SAS	2	4	4
HG03635	PJL	SAS	2	4	2
HG03639	PJL	SAS	2	1	2
HG03640	PJL	SAS	2	3	3
HG03641	PJL	SAS	2	3	2
HG03642	STU	SAS	2	2	3
HG03649	PJL	SAS	2	3	2
HG03650	PJL	SAS	2	3	1
HG03651	PJL	SAS	2	1	2
HG03652	PJL	SAS	2	1	2
HG03653	PJL	SAS	2	2	4
HG03654	PJL	SAS	2	4	2
HG03667	PJL	SAS	2	1	2
HG03668	PJL	SAS	2	3	4
HG03669	PJL	SAS	2	4	2
HG03679	STU	SAS	2	1	2
HG03682	STU	SAS	2	1	15
HG03683	STU	SAS	2	1	15
HG03684	STU	SAS	2	1	1
HG03688	STU	SAS	2	3	3
HG03699	PJL	SAS	2	3	1
HG03700	PJL	SAS	2	3	2
HG03701	PJL	SAS	2	2	1
HG03702	PJL	SAS	2	3	2
HG03703	PJL	SAS	2	1	1
HG03704	PJL	SAS	2	1	2
HG03705	PJL	SAS	2	2	1
HG03706	PJL	SAS	2	1	4
HG03707	PJL	SAS	2	4	1
HG03708	PJL	SAS	2	3	1
HG03709	PJL	SAS	2	1	1
HG03710	PJL	SAS	2	1	1
HG03719	ITU	SAS	2	1	2
HG03721	ITU	SAS	2	4	3
HG03722	ITU	SAS	2	2	1
HG03725	ITU	SAS	2	4	2
HG03727	ITU	SAS	2	1	1
HG03732	ITU	SAS	2	3	1
HG03761	PJL	SAS	2	3	3
HG03762	PJL	SAS	2	1	2
HG03763	PJL	SAS	2	2	3
HG03793	BEB	SAS	2	1	1
HG03794	BEB	SAS	2	1	3
HG03795	BEB	SAS	2	1	3
HG03796	BEB	SAS	2	4	3
HG03797	BEB	SAS	2	1	1
HG03798	BEB	SAS	2	3	1
HG03799	BEB	SAS	2	1	2
HG03800	BEB	SAS	2	4	2
HG03801	BEB	SAS	2	2	2
HG03802	BEB	SAS	2	1	1
HG03803	BEB	SAS	2	2	3
HG03804	BEB	SAS	2	1	3
HG03805	BEB	SAS	2	3	4
HG03806	BEB	SAS	2	1	1
HG03807	BEB	SAS	2	4	1
HG03814	BEB	SAS	2	3	2
HG03815	BEB	SAS	2	7	2
HG03816	BEB	SAS	2	2	2
HG03823	BEB	SAS	2	2	3
HG03824	BEB	SAS	2	4	7
HG03825	BEB	SAS	2	3	7
HG03829	BEB	SAS	2	2	3
HG03830	BEB	SAS	2	1	2
HG03831	BEB	SAS	2	3	2
HG03832	BEB	SAS	2	2	1
HG03833	BEB	SAS	2	1	3
HG03834	BEB	SAS	2	1	3
HG03885	STU	SAS	2	2	3
HG03886	STU	SAS	2	2	3
HG03894	STU	SAS	2	7	1
HG03896	STU	SAS	2	2	1
HG03904	BEB	SAS	2	1	1
HG03905	BEB	SAS	2	2	2
HG03906	BEB	SAS	2	1	2
HG03907	BEB	SAS	2	1	1
HG03908	BEB	SAS	2	4	2
HG03909	BEB	SAS	2	1	2
HG03913	BEB	SAS	2	1	1
HG03914	BEB	SAS	2	1	3
HG03915	BEB	SAS	2	1	3
HG03925	BEB	SAS	2	1	3
HG03926	BEB	SAS	2	2	2
HG03927	BEB	SAS	2	3	2
HG03928	BEB	SAS	2	3	3
HG03929	BEB	SAS	2	1	2
HG03930	BEB	SAS	2	3	2
HG03940	BEB	SAS	2	3	1
HG03941	BEB	SAS	2	1	1
HG03942	BEB	SAS	2	1	1
HG03943	STU	SAS	2	3	1
HG03944	STU	SAS	2	3	2
HG03992	STU	SAS	2	2	1
HG04036	STU	SAS	2	2	1
HG04075	STU	SAS	2	1	2
HG04099	STU	SAS	2	7	3
HG04100	STU	SAS	2	1	2
HG04115	STU	SAS	2	1	1
HG04122	STU	SAS	2	2	4
HG04127	STU	SAS	2	1	4
HG04131	BEB	SAS	2	4	1
HG04132	BEB	SAS	2	2	2
HG04133	BEB	SAS	2	2	1
HG04134	BEB	SAS	2	1	2
HG04135	BEB	SAS	2	3	4
HG04136	BEB	SAS	2	4	2
HG04140	BEB	SAS	2	2	2
HG04141	BEB	SAS	2	4	2
HG04142	BEB	SAS	2	2	2
HG04146	BEB	SAS	2	1	4
HG04147	BEB	SAS	2	2	2
HG04148	BEB	SAS	2	2	4
HG04149	BEB	SAS	2	3	3
HG04150	BEB	SAS	2	2	3
HG04151	BEB	SAS	2	3	3
HG04155	BEB	SAS	2	1	7
HG04156	BEB	SAS	2	1	3
HG04157	BEB	SAS	2	3	7
HG04158	BEB	SAS	2	1	3
HG04159	BEB	SAS	2	1	3
HG04160	BEB	SAS	2	3	3
HG04173	BEB	SAS	2	2	2
HG04174	BEB	SAS	2	1	2
HG04175	BEB	SAS	2	2	2
HG04182	BEB	SAS	2	2	2
HG04183	BEB	SAS	2	3	2
HG04184	BEB	SAS	2	2	2
HG04185	BEB	SAS	2	7	2
HG04186	BEB	SAS	2	2	1
HG04187	BEB	SAS	2	1	2
HG04191	BEB	SAS	2	2	3
HG04192	BEB	SAS	2	3	3
HG04193	BEB	SAS	2	3	3
HG04198	ITU	SAS	2	1	3
HG04199	STU	SAS	2	3	2
HG04200	ITU	SAS	2	1	4
HG04204	STU	SAS	2	3	2
HG04215	STU	SAS	2	3	2
HG04217	ITU	SAS	2	4	3
HG04227	STU	SAS	2	3	1
HG04228	STU	SAS	2	1	3
HG04229	STU	SAS	2	1	3
NA06984	CEU	EUR	2	1	1
NA06985	CEU	EUR	2	4	2
NA06986	CEU	EUR	2	1	1
NA06989	CEU	EUR	2	1	3
NA06991	CEU	EUR	2	2	1
NA06993	CEU	EUR	2	1	1
NA06994	CEU	EUR	2	1	1
NA06995	CEU	EUR	2	4	7
NA06997	CEU	EUR	2	2	1
NA07000	CEU	EUR	2	1	2
NA07014	CEU	EUR	2	1	4
NA07019	CEU	EUR	2	4	1
NA07022	CEU	EUR	2	7	1
NA07029	CEU	EUR	2	2	1
NA07031	CEU	EUR	2	2	1
NA07034	CEU	EUR	2	3	4
NA07037	CEU	EUR	2	4	4
NA07045	CEU	EUR	2	1	2
NA07048	CEU	EUR	2	4	4
NA07051	CEU	EUR	2	1	4
NA07055	CEU	EUR	2	4	4
NA07056	CEU	EUR	2	2	4
NA07345	CEU	EUR	2	3	3
NA07346	CEU	EUR	2	3	1
NA07347	CEU	EUR	2	3	4
NA07348	CEU	EUR	2	3	1
NA07349	CEU	EUR	2	1	4
NA07357	CEU	EUR	2	2	1
NA07435	CEU	EUR	2	3	7
NA10830	CEU	EUR	2	1	3
NA10831	CEU	EUR	2	2	2
NA10835	CEU	EUR	2	1	2
NA10836	CEU	EUR	2	7	4
NA10837	CEU	EUR	2	1	4
NA10838	CEU	EUR	2	1	3
NA10839	CEU	EUR	2	3	1
NA10840	CEU	EUR	2	4	1
NA10842	CEU	EUR	2	4	4
NA10843	CEU	EUR	2	1	3
NA10845	CEU	EUR	2	3	1
NA10846	CEU	EUR	2	3	4
NA10847	CEU	EUR	2	4	4
NA10851	CEU	EUR	2	2	1
NA10852	CEU	EUR	2	4	4
NA10854	CEU	EUR	2	1	1
NA10855	CEU	EUR	2	1	1
NA10856	CEU	EUR	2	2	1
NA10857	CEU	EUR	2	7	1
NA10859	CEU	EUR	2	4	4
NA10860	CEU	EUR	2	2	2
NA10861	CEU	EUR	2	4	1
NA10863	CEU	EUR	2	4	1
NA10864	CEU	EUR	2	2	2
NA10865	CEU	EUR	2	3	1
NA11829	CEU	EUR	2	1	1
NA11830	CEU	EUR	2	1	2
NA11831	CEU	EUR	2	1	1
NA11832	CEU	EUR	2	4	1
NA11839	CEU	EUR	2	1	1
NA11840	CEU	EUR	2	3	1
NA11881	CEU	EUR	2	3	4
NA11882	CEU	EUR	2	4	4
NA11891	CEU	EUR	2	3	1
NA11892	CEU	EUR	2	1	3
NA11893	CEU	EUR	2	4	2
NA11894	CEU	EUR	2	4	2
NA11917	CEU	EUR	2	3	4
NA11918	CEU	EUR	2	4	4
NA11919	CEU	EUR	2	1	3
NA11920	CEU	EUR	2	1	1
NA11930	CEU	EUR	2	1	1
NA11931	CEU	EUR	2	1	3
NA11992	CEU	EUR	2	2	2
NA11993	CEU	EUR	2	3	2
NA11994	CEU	EUR	2	4	1
NA11995	CEU	EUR	2	1	4
NA12003	CEU	EUR	2	1	3
NA12004	CEU	EUR	2	3	1
NA12005	CEU	EUR	2	4	1
NA12006	CEU	EUR	2	5	3
NA12043	CEU	EUR	2	3	1
NA12044	CEU	EUR	2	4	7
NA12045	CEU	EUR	2	4	4
NA12046	CEU	EUR	2	2	4
NA12056	CEU	EUR	2	2	1
NA12057	CEU	EUR	2	2	2
NA12144	CEU	EUR	2	1	4
NA12145	CEU	EUR	2	1	3
NA12146	CEU	EUR	2	4	4
NA12154	CEU	EUR	2	4	3
NA12155	CEU	EUR	2	2	2
NA12156	CEU	EUR	2	3	2
NA12234	CEU	EUR	2	1	4
NA12236	CEU	EUR	2	2	1
NA12239	CEU	EUR	2	4	4
NA12248	CEU	EUR	2	3	2
NA12249	CEU	EUR	2	2	1
NA12264	CEU	EUR	2	4	1
NA12272	CEU	EUR	2	4	4
NA12273	CEU	EUR	2	3	1
NA12274	CEU	EUR	2	1	4
NA12275	CEU	EUR	2	3	7
NA12286	CEU	EUR	2	4	1
NA12287	CEU	EUR	2	3	4
NA12329	CEU	EUR	2	3	1
NA12335	CEU	EUR	2	1	3
NA12336	CEU	EUR	2	2	1
NA12340	CEU	EUR	2	4	3
NA12341	CEU	EUR	2	7	1
NA12342	CEU	EUR	2	2	1
NA12343	CEU	EUR	2	1	2
NA12344	CEU	EUR	2	1	7
NA12347	CEU	EUR	2	2	7
NA12348	CEU	EUR	2	1	1
NA12376	CEU	EUR	2	4	1
NA12386	CEU	EUR	2	1	4
NA12399	CEU	EUR	2	1	4
NA12400	CEU	EUR	2	1	1
NA12413	CEU	EUR	2	1	1
NA12414	CEU	EUR	2	2	2
NA12485	CEU	EUR	2	2	1
NA12489	CEU	EUR	2	1	4
NA12546	CEU	EUR	2	4	1
NA12707	CEU	EUR	2	2	2
NA12716	CEU	EUR	2	4	2
NA12717	CEU	EUR	2	4	2
NA12739	CEU	EUR	2	3	1
NA12740	CEU	EUR	2	3	1
NA12748	CEU	EUR	2	7	1
NA12749	CEU	EUR	2	1	3
NA12750	CEU	EUR	2	1	1
NA12751	CEU	EUR	2	2	3
NA12752	CEU	EUR	2	4	2
NA12753	CEU	EUR	2	7	3
NA12760	CEU	EUR	2	1	2
NA12761	CEU	EUR	2	3	4
NA12762	CEU	EUR	2	1	3
NA12763	CEU	EUR	2	1	7
NA12766	CEU	EUR	2	4	1
NA12767	CEU	EUR	2	1	1
NA12775	CEU	EUR	2	2	1
NA12776	CEU	EUR	2	3	4
NA12777	CEU	EUR	2	4	1
NA12778	CEU	EUR	2	4	1
NA12801	CEU	EUR	2	4	1
NA12802	CEU	EUR	2	3	1
NA12812	CEU	EUR	2	2	1
NA12813	CEU	EUR	2	4	4
NA12814	CEU	EUR	2	1	1
NA12815	CEU	EUR	2	1	3
NA12817	CEU	EUR	2	1	1
NA12818	CEU	EUR	2	2	4
NA12827	CEU	EUR	2	4	1
NA12828	CEU	EUR	2	1	1
NA12829	CEU	EUR	2	2	4
NA12830	CEU	EUR	2	2	2
NA12832	CEU	EUR	2	1	4
NA12842	CEU	EUR	2	1	4
NA12843	CEU	EUR	2	2	1
NA12864	CEU	EUR	2	1	3
NA12865	CEU	EUR	2	4	1
NA12872	CEU	EUR	2	2	3
NA12873	CEU	EUR	2	4	1
NA12874	CEU	EUR	2	1	1
NA12875	CEU	EUR	2	3	4
NA12877	CEU	EUR	2	3	1
NA12878	CEU	EUR	2	1	2
NA12889	CEU	EUR	2	1	1
NA12890	CEU	EUR	2	1	3
NA12891	CEU	EUR	2	4	2
NA12892	CEU	EUR	2	2	1
NA18484	YRI	AFR	2	4	2
NA18485	YRI	AFR	2	4	1
NA18486	YRI	AFR	2	4	2
NA18487	YRI	AFR	2	2	1
NA18488	YRI	AFR	2	8	4
NA18489	YRI	AFR	2	4	4
NA18497	YRI	AFR	2	2	1
NA18498	YRI	AFR	2	2	1
NA18499	YRI	AFR	2	4	2
NA18500	YRI	AFR	2	1	1
NA18501	YRI	AFR	2	4	1
NA18502	YRI	AFR	2	4	1
NA18503	YRI	AFR	2	4	2
NA18504	YRI	AFR	2	2	2
NA18505	YRI	AFR	2	1	4
NA18506	YRI	AFR	2	2	8
NA18507	YRI	AFR	2	2	8
NA18508	YRI	AFR	2	4	2
NA18515	YRI	AFR	2	10	2
NA18516	YRI	AFR	2	4	2
NA18517	YRI	AFR	2	1	10
NA18518	YRI	AFR	2	4	14
NA18519	YRI	AFR	2	1	14
NA18520	YRI	AFR	2	2	4
NA18521	YRI	AFR	2	4	2
NA18522	YRI	AFR	2	4	2
NA18523	YRI	AFR	2	4	4
NA18852	YRI	AFR	2	2	2
NA18853	YRI	AFR	2	4	8
NA18854	YRI	AFR	2	2	8
NA18855	YRI	AFR	2	1	1
NA18856	YRI	AFR	2	4	2
NA18857	YRI	AFR	2	1	2
NA18858	YRI	AFR	2	2	2
NA18859	YRI	AFR	2	1	6
NA18860	YRI	AFR	2	2	6
NA18861	YRI	AFR	2	2	2
NA18862	YRI	AFR	2	4	4
NA18863	YRI	AFR	2	2	4
NA18867	YRI	AFR	2	6	4
NA18868	YRI	AFR	2	1	1
NA18869	YRI	AFR	2	4	1
NA18870	YRI	AFR	2	10	2
NA18871	YRI	AFR	2	2	2
NA18872	YRI	AFR	2	2	2
NA18873	YRI	AFR	2	1	2
NA18874	YRI	AFR	2	4	1
NA18875	YRI	AFR	2	2	1
NA18876	YRI	AFR	2	4	1
NA18877	YRI	AFR	2	1	1
NA18906	YRI	AFR	2	1	1
NA18909	YRI	AFR	2	4	8
NA18910	YRI	AFR	2	4	1
NA18911	YRI	AFR	2	8	1
NA18912	YRI	AFR	2	4	4
NA18913	YRI	AFR	2	8	2
NA18914	YRI	AFR	2	4	2
NA18916	YRI	AFR	2	4	4
NA18917	YRI	AFR	2	1	1
NA18923	YRI	AFR	2	4	2
NA18924	YRI	AFR	2	4	4
NA18925	YRI	AFR	2	4	2
NA18930	YRI	AFR	2	4	1
NA18933	YRI	AFR	2	14	2
NA18934	YRI	AFR	2	4	1
NA18935	YRI	AFR	2	2	1
NA19092	YRI	AFR	2	4	2
NA19093	YRI	AFR	2	2	4
NA19094	YRI	AFR	2	4	2
NA19095	YRI	AFR	2	10	4
NA19096	YRI	AFR	2	2	4
NA19097	YRI	AFR	2	4	4
NA19098	YRI	AFR	2	4	14
NA19099	YRI	AFR	2	4	2
NA19100	YRI	AFR	2	2	14
NA19101	YRI	AFR	2	4	4
NA19102	YRI	AFR	2	2	2
NA19103	YRI	AFR	2	2	4
NA19107	YRI	AFR	2	2	4
NA19108	YRI	AFR	2	4	1
NA19109	YRI	AFR	2	1	4
NA19113	YRI	AFR	2	2	2
NA19114	YRI	AFR	2	4	4
NA19115	YRI	AFR	2	4	2
NA19116	YRI	AFR	2	6	2
NA19117	YRI	AFR	2	14	8
NA19118	YRI	AFR	2	4	1
NA19119	YRI	AFR	2	2	1
NA19120	YRI	AFR	2	2	1
NA19121	YRI	AFR	2	1	4
NA19122	YRI	AFR	2	4	2
NA19123	YRI	AFR	2	2	4
NA19127	YRI	AFR	2	4	4
NA19128	YRI	AFR	2	4	2
NA19129	YRI	AFR	2	4	2
NA19130	YRI	AFR	2	1	8
NA19131	YRI	AFR	2	4	2
NA19132	YRI	AFR	2	2	8
NA19137	YRI	AFR	2	2	4
NA19138	YRI	AFR	2	8	1
NA19139	YRI	AFR	2	4	1
NA19140	YRI	AFR	2	2	4
NA19141	YRI	AFR	2	4	4
NA19142	YRI	AFR	2	4	4
NA19143	YRI	AFR	2	4	1
NA19144	YRI	AFR	2	2	1
NA19145	YRI	AFR	2	1	1
NA19146	YRI	AFR	2	2	1
NA19147	YRI	AFR	2	2	1
NA19148	YRI	AFR	2	1	1
NA19149	YRI	AFR	2	4	4
NA19150	YRI	AFR	2	10	1
NA19151	YRI	AFR	2	4	1
NA19152	YRI	AFR	2	1	2
NA19153	YRI	AFR	2	2	4
NA19154	YRI	AFR	2	2	4
NA19159	YRI	AFR	2	1	2
NA19160	YRI	AFR	2	4	1
NA19161	YRI	AFR	2	2	1
NA19171	YRI	AFR	2	1	2
NA19172	YRI	AFR	2	4	4
NA19173	YRI	AFR	2	4	2
NA19174	YRI	AFR	2	1	8
NA19175	YRI	AFR	2	2	1
NA19176	YRI	AFR	2	4	4
NA19177	YRI	AFR	2	4	1
NA19184	YRI	AFR	2	2	4
NA19185	YRI	AFR	2	1	4
NA19186	YRI	AFR	2	4	4
NA19189	YRI	AFR	2	4	2
NA19190	YRI	AFR	2	4	4
NA19191	YRI	AFR	2	4	2
NA19197	YRI	AFR	2	4	10
NA19198	YRI	AFR	2	1	1
NA19199	YRI	AFR	2	10	1
NA19200	YRI	AFR	2	4	2
NA19201	YRI	AFR	2	4	2
NA19202	YRI	AFR	2	2	2
NA19203	YRI	AFR	2	2	4
NA19204	YRI	AFR	2	1	2
NA19205	YRI	AFR	2	2	4
NA19206	YRI	AFR	2	4	14
NA19207	YRI	AFR	2	2	4
NA19208	YRI	AFR	2	14	4
NA19209	YRI	AFR	2	4	4
NA19210	YRI	AFR	2	2	4
NA19211	YRI	AFR	2	4	4
NA19213	YRI	AFR	2	4	4
NA19214	YRI	AFR	2	1	1
NA19215	YRI	AFR	2	1	4
NA19221	YRI	AFR	2	8	2
NA19222	YRI	AFR	2	2	8
NA19223	YRI	AFR	2	4	2
NA19224	YRI	AFR	2	1	4
NA19225	YRI	AFR	2	2	1
NA19226	YRI	AFR	2	4	4
NA19235	YRI	AFR	2	1	2
NA19236	YRI	AFR	2	2	1
NA19237	YRI	AFR	2	2	1
NA19238	YRI	AFR	2	10	8
NA19239	YRI	AFR	2	4	1
NA19240	YRI	AFR	2	8	1
NA19247	YRI	AFR	2	2	12
NA19248	YRI	AFR	2	2	2
NA19249	YRI	AFR	2	12	2
NA19256	YRI	AFR	2	2	2
NA19257	YRI	AFR	2	4	4
NA19258	YRI	AFR	2	4	2
NA19648	MXL	AMR	2	1	4
NA19649	MXL	AMR	2	1	3
NA19650	MXL	AMR	2	4	3
NA19651	MXL	AMR	2	1	3
NA19652	MXL	AMR	2	4	1
NA19653	MXL	AMR	2	3	1
NA19654	MXL	AMR	2	1	6
NA19655	MXL	AMR	2	1	3
NA19656	MXL	AMR	2	6	3
NA19657	MXL	AMR	2	1	1
NA19658	MXL	AMR	2	7	7
NA19659	MXL	AMR	2	1	7
NA19660	MXL	AMR	2	1	3
NA19661	MXL	AMR	2	1	2
NA19662	MXL	AMR	2	3	2
NA19663	MXL	AMR	2	2	3
NA19664	MXL	AMR	2	2	4
NA19665	MXL	AMR	2	3	4
NA19669	MXL	AMR	2	1	3
NA19670	MXL	AMR	2	1	1
NA19671	MXL	AMR	2	3	1
NA19675	MXL	AMR	2	4	4
NA19676	MXL	AMR	2	1	3
NA19677	MXL	AMR	2	4	3
NA19678	MXL	AMR	2	4	4
NA19679	MXL	AMR	2	2	4
NA19680	MXL	AMR	2	4	2
NA19681	MXL	AMR	2	1	3
NA19682	MXL	AMR	2	2	4
NA19683	MXL	AMR	2	3	4
NA19684	MXL	AMR	2	2	2
NA19685	MXL	AMR	2	3	2
NA19686	MXL	AMR	2	2	2
NA19700	ASW	AFR	2	1	4
NA19701	ASW	AFR	2	1	13
NA19702	ASW	AFR	2	13	4
NA19703	ASW	AFR	2	2	4
NA19704	ASW	AFR	2	4	14
NA19705	ASW	AFR	2	14	4
NA19713	ASW	AFR	2	4	1
NA19716	MXL	AMR	2	1	1
NA19717	MXL	AMR	2	3	1
NA19718	MXL	AMR	2	1	1
NA19719	MXL	AMR	2	3	1
NA19720	MXL	AMR	2	1	1
NA19721	MXL	AMR	2	1	1
NA19722	MXL	AMR	2	1	2
NA19723	MXL	AMR	2	1	3
NA19724	MXL	AMR	2	2	3
NA19725	MXL	AMR	2	2	4
NA19726	MXL	AMR	2	1	1
NA19727	MXL	AMR	2	4	1
NA19728	MXL	AMR	2	1	1
NA19729	MXL	AMR	2	1	2
NA19730	MXL	AMR	2	1	2
NA19731	MXL	AMR	2	1	3
NA19732	MXL	AMR	2	2	1
NA19733	MXL	AMR	2	3	1
NA19746	MXL	AMR	2	4	1
NA19747	MXL	AMR	2	1	1
NA19748	MXL	AMR	2	1	1
NA19749	MXL	AMR	2	1	7
NA19750	MXL	AMR	2	3	1
NA19751	MXL	AMR	2	7	1
NA19755	MXL	AMR	2	3	2
NA19756	MXL	AMR	2	1	1
NA19757	MXL	AMR	2	2	1
NA19758	MXL	AMR	2	1	1
NA19759	MXL	AMR	2	3	3
NA19760	MXL	AMR	2	1	3
NA19761	MXL	AMR	2	1	1
NA19762	MXL	AMR	2	3	4
NA19763	MXL	AMR	2	1	4
NA19770	MXL	AMR	2	2	1
NA19771	MXL	AMR	2	1	2
NA19772	MXL	AMR	2	1	2
NA19773	MXL	AMR	2	1	4
NA19774	MXL	AMR	2	3	4
NA19775	MXL	AMR	2	4	4
NA19776	MXL	AMR	2	1	1
NA19777	MXL	AMR	2	1	2
NA19778	MXL	AMR	2	1	2
NA19779	MXL	AMR	2	2	1
NA19780	MXL	AMR	2	1	2
NA19781	MXL	AMR	2	1	2
NA19782	MXL	AMR	2	1	3
NA19783	MXL	AMR	2	1	1
NA19784	MXL	AMR	2	3	1
NA19785	MXL	AMR	2	1	3
NA19786	MXL	AMR	2	1	1
NA19787	MXL	AMR	2	3	1
NA19788	MXL	AMR	2	3	1
NA19789	MXL	AMR	2	2	3
NA19790	MXL	AMR	2	1	3
NA19794	MXL	AMR	2	2	2
NA19795	MXL	AMR	2	3	1
NA19796	MXL	AMR	2	2	1
NA19818	ASW	AFR	2	4	4
NA19819	ASW	AFR	2	2	2
NA19828	ASW	AFR	2	2	4
NA19834	ASW	AFR	2	2	4
NA19835	ASW	AFR	2	4	1
NA19836	ASW	AFR	2	1	4
NA19900	ASW	AFR	2	3	14
NA19901	ASW	AFR	2	6	1
NA19902	ASW	AFR	2	1	14
NA19908	ASW	AFR	2	2	4
NA19909	ASW	AFR	2	2	2
NA19916	ASW	AFR	2	2	4
NA19917	ASW	AFR	2	4	4
NA19918	ASW	AFR	2	4	4
NA19919	ASW	AFR	2	2	4
NA19920	ASW	AFR	2	4	6
NA19921	ASW	AFR	2	4	4
NA19922	ASW	AFR	2	2	1
NA19923	ASW	AFR	2	4	1
NA19924	ASW	AFR	2	1	1
NA19982	ASW	AFR	2	1	2
NA19983	ASW	AFR	2	1	2
NA20126	ASW	AFR	2	4	2
NA20127	ASW	AFR	2	4	4
NA20128	ASW	AFR	2	4	2
NA20129	ASW	AFR	2	4	6
NA20278	ASW	AFR	2	2	2
NA20279	ASW	AFR	2	1	2
NA20282	ASW	AFR	2	2	1
NA20356	ASW	AFR	2	4	4
NA20357	ASW	AFR	2	8	1
NA20358	ASW	AFR	2	1	4
