id	flank_cenhap	core_cenhap	correct
HG01885	2,3	2,3	True
NA19150	2	2	True
HG02682	3	3	True
HG00514	2,3	2,3	True
HG02464	2,6	2	False
NA19705	2,3	2,3	True
HG03701	2	2	True
HG01970	2,3	2,3	True
HG02569	2,8	2,3	False
HG02494	3	3	True
HG02133	2,3	2,3	True
HG03309	2,3	2,3	True
NA19787	2,3	2,3	True
HG01060	3,4	3,4	True
HG02721	3	3	True
HG02317	2,3	2,3	True
HG01495	2,3	2,3	True
HG03807	2	2	True
HG01519	3	2,3	False
NA19783	3	3	True
HG00689	2	2	True
HG01514	3,4	3,4	True
HG00621	2	2	True
HG00477	2,3	3	False
NA18909	3	3	True
HG01150	2	2	True
HG01969	2,3	2,3	True
NA07029	2	2	True
HG01565	2,6	2	False
HG03303	2,3	2,3	True
HG00658	2	2	True
HG01523	2	2	True
HG03453	2,5	2,3	False
HG01508	2,3	2,3	True
HG03596	3	3	True
HG01379	2,3	2,3	True
HG02880	3	3	True
HG02785	3	3	True
HG03110	2	2	True
NA12145	2,3	2	False
HG01572	2	2	True
HG02799	2	2	True
HG01684	2	2	True
HG00534	2,3	3	False
HG03469	3	3	True
NA18872	2,3	2,3	True
HG01629	2,3	2,3	True
HG03679	2,3	2,3	True
NA07345	2	2	True
HG03006	1,2	2,3	False
HG02059	1,2	2	False
HG00591	2,3	2,3	True
HG02953	2,3	2,3	True
NA19920	2	2	True
HG04193	2,3	2,3	True
NA18913	2	2	True
NA19662	2	2	True
NA19211	3,9	3	False
HG02629	2,6	2	False
HG04159	2	2	True
HG01950	2,3	2,3	True
HG04192	3	3	True
NA19140	2,7	2	False
HG02076	2	2	True
HG03540	2	2	True
HG01618	3	2,3	False
HG01881	2,3	2,3	True
HG03200	2,3	2,3	True
HG01977	2,3	2,3	True
HG01782	3,4	3,4	True
HG04099	2	2	True
HG01621	2,3	2,3	True
HG00590	2,3	2,3	True
NA12286	3	2,3	False
HG02945	2,3	2,3	True
HG02009	3,7	3	False
HG02889	2,3	2,3	True
HG03452	2	2	True
HG00595	2	2	True
HG01348	3	3	True
HG02644	2	2	True
HG01353	2	2	True
NA18870	3	3	True
NA19733	2	2	True
HG03249	2	2	True
HG01702	2,3	2,3	True
HG03639	3	3	True
HG03896	2,3	2	False
HG04174	2	2	True
HG01938	3	3	True
HG02615	2	2	True
HG03650	1,2	2	False
HG01678	2,3	2,3	True
HG03606	2	2	True
HG02643	2	2	True
HG03797	2	2	True
HG03702	2,3	2,3	True
NA19750	2	2	True
NA19214	2	2	True
NA11917	2,3	2,3	True
HG01071	2	2	True
HG03480	3	3	True
HG03125	3,6	3	False
HG02316	3	3	True
HG03159	2	2	True
NA20356	3,6	3	False
HG02798	2,3	2,3	True
HG03195	2,3	2,3	True
HG00638	2,4	2,4	True
HG01187	2,3	2,3	True
HG02234	2,3	2,3	True
HG01578	2,3	2,3	True
HG00704	2,3	2,3	True
HG03117	2,3	2,3	True
HG01503	2,3	2,3	True
HG02808	3	3	True
HG01252	2	2	True
NA12413	3	3	True
HG00657	2	2	True
HG04191	2,3	2,3	True
HG00542	2,3	2,3	True
HG01921	3	3	True
HG01124	2,3	2,3	True
HG02130	2,3	2,3	True
HG01972	2,3	2,3	True
HG03793	3	3	True
HG02728	1,2	2	False
NA12802	2	2	True
HG01070	2	2	True
NA06989	2,3	2,3	True
NA07014	3	3	True
HG02614	2	2	True
HG02298	3	2,3	False
NA19676	2	2	True
HG03199	2,6	2,3	False
NA18485	2	2	True
HG04131	2	2	True
HG02855	2	2	True
HG02836	2,3	2,3	True
HG00565	2,3	2,3	True
HG01770	2,3	2	False
HG03574	6,9	2,3	False
HG03312	2,6	2	False
HG02030	2	2	True
HG02258	2	2	True
NA10852	2,3	2,3	True
HG01628	2,3	2,3	True
HG01278	3,8	3	False
HG01781	2,3	2,3	True
NA07349	3	3	True
HG01504	2	2	True
HG02630	3,6	3	False
HG03297	2,3	2,3	True
NA19207	2	2	True
HG02776	2,3	2,3	True
HG02571	2,6	2	False
HG01247	2,4	2,4	True
HG01967	2	2	True
HG01517	3	3	True
NA11832	2	2	True
HG01138	3	3	True
HG03115	2	2	True
HG01892	2	2	True
NA19184	2	2	True
NA11829	3,4	3,4	True
NA10863	3	2	False
HG00500	2,3	2,3	True
HG02634	2	2	True
HG01694	2	2	True
HG02611	2	2	True
NA18917	2,6	2	False
NA12006	2	2	True
HG02291	3	3	True
HG03342	2	2	True
HG00474	2,3	2,3	True
NA06986	2	2	True
HG01677	2,3	2,3	True
HG02232	3	3	True
HG00705	2,3	3	False
HG02084	2	2	True
NA19700	3	2	False
NA19719	2	2	True
HG03271	2,7	2	False
HG02735	2	2	True
NA12716	2,3	2,3	True
HG02760	10,2	2	False
NA19763	4,7	3	False
HG01630	2,3	2,3	True
HG03625	2,3	2,3	True
NA12740	2,4	2,4	True
NA18911	3	3	True
HG01623	2,3	3	False
NA12818	2	2	True
HG02090	2,4	2,4	True
HG00585	2	2	True
HG00683	2	2	True
NA19096	2,8	2	False
NA19197	10,2	2	False
HG01358	2,3	2,3	True
HG01676	2	2	True
HG00672	2,3	2,3	True
HG01889	2	2	True
HG02871	2,7	2,3	False
NA19713	2,3	2,3	True
HG01110	3	3	True
HG02870	2	2	True
HG01518	3	3	True
HG00428	2,3	2,3	True
HG02594	2,3	2,3	True
HG00443	2	2	True
NA18497	2,9	2	False
NA18923	2,3	2,3	True
NA19656	4,9	4	False
HG01573	2	2	True
HG02974	2,3	2,3	True
HG00739	2,3	2,3	True
HG02654	3	3	True
HG02788	2	2	True
HG02763	2	2	True
NA20129	2	2	True
NA18489	2	2	True
HG02662	2	2	True
HG03816	2	2	True
HG03295	10,2	2	False
HG02984	2,3	2,3	True
HG03056	2,3	3	False
NA19225	2	2	True
NA19210	2,3	2,3	True
HG01669	2,4	4	False
NA19790	2,3	2,3	True
HG04215	2	2	True
HG00422	2	2	True
HG03109	2	2	True
HG01566	2,3	2,3	True
NA19239	3	3	True
HG01456	2,3	2,3	True
HG01501	2,3	2,3	True
HG02259	2	2	True
HG01700	3	2,3	False
NA19099	2,3	2,3	True
NA19221	2	2	True
HG04183	2,3	2,3	True
NA19226	2,3	2,3	True
HG01103	2	2	True
HG03700	2	2	True
HG01493	2,3	2,3	True
HG02702	2	2	True
HG01755	3	3	True
NA19756	3	3	True
HG01884	3,6	3	False
HG01516	3,4	3,4	True
HG01347	2,3	2,3	True
NA12751	3,4	3,4	True
HG02079	2,3	2,3	True
NA19236	2,3	2,3	True
HG03825	2,3	2,3	True
HG01675	2,3	2	False
NA19256	3	3	True
HG02131	2,3	2,3	True
HG01607	2,3	2,3	True
NA10864	2	2	True
HG02621	2	2	True
HG04135	2	2	True
HG01279	8	2,3	False
HG00709	2,3	2,3	True
HG00626	2,3	2,3	True
HG02655	3	3	True
HG02231	2,3	2,3	True
HG01982	2,3	2,3	True
NA10838	2	2	True
HG02652	2,3	2,3	True
HG01137	3	3	True
HG03170	2,3	3	False
NA07348	3	2,3	False
HG02809	3	3	True
NA12005	3,4	2,4	False
HG03488	2,3	2,3	True
HG02924	2,8	2	False
HG01488	2,3	2,3	True
HG02715	2,8	2	False
HG02240	2	2	True
HG04115	2,3	2	False
HG03054	2,3	3	False
NA18498	2	2	True
NA07034	2,3	2,3	True
HG01457	2,3	2,3	True
HG03306	2	2	True
HG00438	2,3	3	False
HG03515	2,3	2,3	True
NA19659	3	3	True
HG01365	2	2	True
HG03343	2,7	2	False
NA18501	2	2	True
NA06993	2	2	True
NA18860	2	2	True
NA19678	3	3	True
NA19215	2	2	True
HG01959	2	2	True
HG01383	2,3	2,3	True
HG02053	2,8	2,3	False
HG03350	2,9	2	False
HG02704	2,3	2,3	True
HG01134	2,3	2,3	True
HG01608	3	3	True
HG02838	2,3	2,3	True
NA19100	2	2	True
HG01251	2,3	2,3	True
HG00464	2,3	2,3	True
HG03124	3,6	3	False
NA19171	2,3	2,3	True
NA19679	3	3	True
HG02761	10,2	2	False
HG02821	2	2	True
HG01887	2,3	2,3	True
HG01106	2	2	True
HG01942	3	3	True
HG02622	2,9	2	False
NA19772	2,3	2,3	True
HG01682	3,6	3	False
HG02513	2	2	True
HG03050	2	2	True
HG02069	3	3	True
HG03909	2	2	True
HG02888	2	2	True
HG03298	2,9	2	False
HG01987	2,6	2	False
HG02061	2	2	True
HG01891	2	2	True
HG01530	2,3	2,3	True
HG01683	2,3	2,3	True
HG00555	3	3	True
HG01072	4	4	True
HG01345	2,3	2,3	True
HG01775	2	2	True
NA19982	2	2	True
HG00579	2,3	2,3	True
NA12056	2,4	2,4	True
HG02965	3,6	3	False
HG03641	2,3	2	False
NA19101	2,3	2,3	True
HG01958	2	2	True
HG01510	3,9	3	False
NA19789	2,3	2,3	True
HG01105	2	2	True
HG04204	2,3	2,3	True
HG00584	1,2	2,3	False
HG02143	2	2	True
HG02057	2,3	2,3	True
HG03709	2,3	2,3	True
HG01507	2,3	2,3	True
NA18516	2	2	True
HG01056	3	3	True
HG01178	3	3	True
HG02526	2,3	2,3	True
HG02281	2,3	2,3	True
HG03168	3	3	True
HG00614	3	3	True
NA18523	2,7	2	False
HG01933	2,3	2,3	True
